501982,1,5.6,300000,295132,0
617653,1,6.666,300000,297669,0
668893,1,7.372,300000,303476,0
55807,0,13.9393,41156,145326,1
34271,0,13.9475,29238,95733,1
32811,0,13.892,28869,64320,1
40164,0,14.269,35171,48326,1
32411,0,14.3744,28925,39627,1
28171,0,14.3214,23458,31295,1
23355,0,14.2183,18966,33496,1
22410,0,14.2171,17473,34237,1
18964,0,14.1679,15633,29893,1
21709,0,14.1969,19897,21164,1
23690,0,14.0601,22651,19517,1
11880,0,14.108,11220,18410,1
7150,0,14.0957,6232,19573,1
6708,0,14.0608,5688,18256,1
5820,0,14.0426,4758,19618,1
5245,0,14.0348,4163,17689,1
5667,0,13.9661,4775,15267,1
5325,0,13.9519,4534,12082,1
5510,0,13.9472,4736,13526,1
5833,0,13.9785,5218,13761,1
6340,0,13.9775,5775,13484,1
6978,0,13.9508,6397,13549,1
6666,0,13.9365,6085,13598,1
8424,0,14.0307,7911,13911,1
4874,0,13.8927,4294,12395,1
3585,0,13.9876,3082,11300,1
2854,0,13.9973,2385,8550,1
2975,0,13.9769,2482,8528,1
2843,0,14.0537,2240,8732,1
2684,0,14.0837,2058,9320,1
2476,0,14.0035,1785,11358,1
2415,0,13.9761,1870,12927,1
2590,0,14.1945,2024,14392,1
2758,0,14.0121,2209,13861,1
3602,0,14.1864,2971,13873,1
7120,0,14.1533,6355,14665,1
7035,0,14.0939,6361,13751,1
7772,0,14.1825,6975,13735,1
2775,0,14.0263,2264,13279,1
5004,0,13.9361,4434,12142,1
4704,0,13.9374,4171,12068,1
2869,0,13.9127,2465,11076,1
1984,0,14.0207,1620,10442,1
2084,0,14.1172,1591,10224,1
2319,0,13.9548,1757,9727,1
1858,0,13.9883,1464,9825,1
1426,0,14.001,1091,10034,1
682,2,0,641,642,0
598976,1,6.73595,300000,300101,0
660475,1,7.60831,300000,306216,0
37062,0,13.9501,24821,164484,1
28940,0,13.8745,23699,118156,1
26844,0,13.8696,23080,78502,1
25808,0,13.9457,22280,55812,1
30843,0,14.3598,26755,42490,1
25819,0,14.3628,21959,33265,1
22432,0,14.2639,18330,30635,1
20295,0,14.2082,16144,26995,1
17550,0,14.1555,13662,26306,1
14564,0,14.0523,11857,23078,1
15401,0,14.0021,14102,15307,1
15179,0,14.0727,14111,15281,1
10535,0,14.0021,9843,15678,1
5624,0,13.9673,4912,16647,1
5201,0,13.949,4338,14334,1
4862,0,13.9629,3958,15836,1
4560,0,13.9346,3527,13785,1
4623,0,13.9359,3849,12763,1
4435,0,13.8923,3750,9681,1
4823,0,13.9176,4168,10138,1
4635,0,13.8701,4067,10692,1
4685,0,13.8919,4135,11134,1
5459,0,13.9834,4866,11506,1
4821,0,13.8882,4361,11819,1
5553,0,13.9942,5035,11602,1
7424,0,13.8538,6886,12677,1
3505,0,13.9369,3069,11570,1
2999,0,13.9025,2600,8587,1
2890,0,13.8655,2469,7148,1
2558,0,13.8642,2140,6664,1
2676,0,13.8675,2240,7073,1
2369,0,14.0588,1895,8278,1
2208,0,13.9557,1576,8423,1
2323,0,13.9028,1748,9593,1
2629,0,14.1057,2078,12089,1
2631,0,14.1241,2120,11852,1
3275,0,14.0658,2694,11914,1
3550,0,13.9697,3097,11142,1
6011,0,13.9946,5367,11607,1
6063,0,13.9306,5533,11282,1
5719,0,13.8242,5183,10859,1
1973,0,14.1695,1515,10544,1
4298,0,13.9162,3745,9850,1
2442,0,13.8547,2087,8785,1
2464,0,14.0459,2086,9391,1
2061,0,14.0871,1589,8889,1
1438,0,13.9348,1142,8729,1
665,2,0,641,642,0
537320,1,6.55112,300000,276623,0
608581,1,7.51655,300000,284389,0
644603,1,8.11049,300000,292498,0
40625,0,13.9245,30351,128713,1
25489,0,13.9193,22152,73996,1
25369,0,13.8939,22226,53650,1
27287,0,14.2028,23918,37130,1
24374,0,14.3421,21755,31455,1
22056,0,14.3026,19313,28673,1
19204,0,14.2506,15967,27573,1
15876,0,14.2689,12776,29185,1
15158,0,14.2676,12072,24649,1
13225,0,14.1849,10846,22105,1
15553,0,14.1813,14433,14039,1
15459,0,14.077,14775,15895,1
9566,0,14.0959,8985,12929,1
4851,0,14.0576,4247,11706,1
4399,0,14.0333,3742,12990,1
4222,0,13.9891,3500,14916,1
4143,0,13.9517,3305,16212,1
3946,0,13.9962,3216,13705,1
3829,0,13.9935,3228,10143,1
3800,0,13.96,3284,9782,1
3907,0,13.9024,3418,9445,1
3950,0,13.9713,3472,10082,1
4417,0,13.9557,3936,10961,1
4508,0,13.8907,4080,10785,1
4881,0,13.9475,4493,10927,1
4716,0,13.9531,4270,12014,1
5173,0,14.0475,4765,10810,1
3418,0,13.9553,3057,10538,1
2585,0,13.9465,2232,8640,1
2516,0,14.0578,2140,6974,1
2259,0,13.9671,1882,6302,1
2074,0,14.1336,1714,7126,1
2010,0,13.9662,1508,6904,1
2035,0,13.9575,1507,7841,1
2034,0,13.9608,1577,8619,1
2098,0,14.0705,1665,10810,1
2403,0,13.9609,1947,10351,1
2552,0,14.0444,2078,11064,1
3084,0,14.0666,2631,10948,1
5290,0,13.8878,4810,10833,1
4977,0,13.9415,4515,10645,1
5069,0,14.0358,4545,10143,1
1538,0,14.0469,1212,8781,1
3522,0,14.0204,2995,9601,1
3143,0,13.9244,2786,9348,1
3268,0,14.0136,2846,7931,1
678,2,0,641,642,0
509488,1,6.48677,300000,273259,0
586763,1,7.56634,300000,277499,0
633083,1,8.3655,300000,288699,0
31491,0,13.9264,22025,122517,1
26195,0,13.958,22176,88523,1
21821,0,13.9552,18967,61015,1
19823,0,13.9231,17634,43659,1
24078,0,14.3539,21042,32809,1
19709,0,14.3926,17585,25440,1
18628,0,14.4159,15741,22011,1
16002,0,14.2698,13286,21230,1
13405,0,14.2119,10857,21077,1
10606,0,14.1586,8521,19364,1
9995,0,14.175,8313,17652,1
12411,0,14.1912,11338,13714,1
12158,0,14.0901,11550,13005,1
7897,0,14.1482,7371,11462,1
4167,0,14.1004,3657,10633,1
4066,0,14.0792,3466,12397,1
3680,0,14.0802,3027,11322,1
3251,0,14.0589,2550,12576,1
3614,0,14.0185,2859,10480,1
3412,0,13.9653,2777,10026,1
3415,0,14.0124,2879,9791,1
3388,0,13.9896,2896,8155,1
3424,0,13.9403,2981,7834,1
3409,0,13.9777,3014,8440,1
3664,0,14.1282,3256,8769,1
4208,0,14.0004,3814,8761,1
4061,0,13.9969,3696,9397,1
3763,0,13.9837,3402,9752,1
4125,0,13.997,3798,8539,1
3094,0,13.9673,2732,7333,1
2474,0,13.9765,2181,7151,1
2284,0,13.988,1978,5719,1
1992,0,13.9196,1655,5837,1
1824,0,14.0026,1484,6068,1
1623,0,14.1129,1259,5908,1
1634,0,13.9432,1163,6761,1
2186,0,14.0217,1644,7356,1
2134,0,14.0256,1659,7908,1
2572,0,14.093,2041,10005,1
2742,0,14.1095,2228,9693,1
2699,0,14.134,2247,9197,1
2456,0,14.0038,2149,8820,1
2980,0,14.1207,2617,8400,1
4592,0,14.0506,4150,8142,1
3251,0,14.0612,2873,7764,1
1716,0,13.9416,1321,7479,1
662,2,0,641,642,0
566,2,0,541,542,0
624331,1,7.94693,300000,313425,0
675101,1,8.84816,300000,317365,0
24383,0,13.8998,14436,133563,1
21985,0,13.9114,17155,94636,1
14740,0,13.9257,11964,65274,1
13656,0,13.9186,11489,49856,1
14732,0,14.1051,12353,30793,1
16967,0,14.4273,14566,28484,1
14312,0,14.4273,12081,22865,1
12358,0,14.3719,10210,20125,1
11346,0,14.3063,9075,20887,1
10700,0,14.3078,8256,20150,1
9917,0,14.2442,7772,19522,1
8857,0,14.2404,7087,17752,1
7814,0,14.2019,6965,12446,1
8273,0,14.2769,7703,11841,1
6521,0,14.0989,6025,11215,1
3798,0,14.0815,3362,9684,1
3642,0,14.0552,3157,11388,1
3318,0,14.0589,2721,10596,1
2960,0,14.0158,2343,9648,1
3455,0,14.0862,2685,10001,1
3741,0,14.0647,3194,8384,1
3262,0,14.0253,2777,7977,1
3104,0,14.1056,2662,7908,1
2914,0,13.9873,2509,7705,1
3164,0,14.0722,2757,7940,1
2994,0,13.9556,2675,8303,1
3669,0,13.9776,3322,8606,1
3962,0,13.965,3649,8831,1
3546,0,13.9755,3242,9027,1
4934,0,13.9867,4495,8708,1
3080,0,13.9489,2803,8447,1
2279,0,13.9516,1990,7652,1
1866,0,13.9688,1581,5846,1
1825,0,13.9671,1541,5361,1
1775,0,13.983,1478,4778,1
1913,0,14.1709,1549,5091,1
1799,0,13.9918,1449,5083,1
1987,0,13.9939,1554,6466,1
1617,0,14.0959,1196,7697,1
1776,0,14.091,1442,7511,1
1758,0,14.1567,1431,7858,1
1731,0,14.1201,1408,7125,1
1599,0,14.0561,1283,8020,1
2021,0,14.1022,1694,8079,1
3853,0,14.1046,3398,8453,1
3133,0,14.2249,2775,8086,1
671,2,0,641,642,0
558,2,0,541,542,0
597660,1,7.93723,300000,310657,0
660957,1,8.95148,300000,315451,0
692052,1,9.56617,300000,317958,0
23783,0,13.9816,15893,79052,1
15237,0,13.8855,12714,56502,1
14126,0,13.884,12254,41256,1
14148,0,13.8806,12346,29205,1
14949,0,14.1592,12903,23621,1
16879,0,14.5115,14710,21185,1
12727,0,14.2897,10936,17860,1
12446,0,14.2916,10353,19869,1
11216,0,14.2271,9096,19622,1
9068,0,14.1611,7017,19719,1
8392,0,14.1622,6628,18597,1
6884,0,14.0961,5624,16811,1
8543,0,14.1179,7783,11279,1
8628,0,14.1765,8138,11562,1
6294,0,14.0116,5862,10354,1
3047,0,13.9745,2681,7666,1
2988,0,13.9739,2535,9139,1
2693,0,13.949,2224,9564,1
2602,0,13.9702,2096,9090,1
2769,0,14.0094,2110,10167,1
3439,0,13.9073,2922,8749,1
3607,0,14.0103,3142,7929,1
2990,0,13.9045,2582,7074,1
2879,0,13.9038,2500,7028,1
2737,0,13.8746,2392,7014,1
2940,0,13.872,2643,7713,1
2868,0,13.8708,2547,7715,1
3133,0,14.0385,2847,8093,1
3251,0,13.9414,2937,7986,1
3637,0,13.924,3335,8435,1
3665,0,13.8996,3438,8360,1
2693,0,13.8668,2459,7868,1
2299,0,13.8959,2038,7172,1
1779,0,14.045,1507,5307,1
1669,0,13.897,1428,5209,1
1627,0,13.8773,1354,4618,1
1627,0,13.8993,1326,4151,1
1926,0,14.1182,1560,4412,1
1765,0,13.9841,1430,5604,1
1234,0,13.9906,862,5940,1
1595,0,13.9684,1211,6933,1
1966,0,14.1126,1540,7148,1
1941,0,14.0852,1545,7575,1
2302,0,14.0096,1865,6995,1
1950,0,14.1289,1547,6365,1
672,2,0,641,642,0
566,2,0,541,542,0
558904,1,7.85466,300000,297625,0
630439,1,8.93474,300000,302506,0
665433,1,9.67797,300000,304994,0
18921,0,13.8303,11950,86761,1
22060,0,13.8256,18345,66177,1
16309,0,13.8586,14266,49088,1
13905,0,13.8508,12442,37103,1
12969,0,13.8407,11778,27996,1
15339,0,14.2538,13436,21298,1
12848,0,14.4077,11506,17600,1
11910,0,14.3388,10278,14757,1
10571,0,14.2652,8917,13977,1
10990,0,14.2725,8990,15222,1
8963,0,14.213,7175,14223,1
8083,0,14.182,6592,13301,1
6660,0,14.0494,5605,12423,1
8276,0,14.018,7766,11109,1
8213,0,14.1568,7829,9373,1
5505,0,14.0316,5230,8194,1
3251,0,14.0146,2903,6804,1
3261,0,14.0139,2837,7914,1
2906,0,13.9832,2488,8142,1
2670,0,13.9124,2206,8346,1
2871,0,13.9494,2229,7981,1
3452,0,13.8695,2923,8955,1
2770,0,13.9443,2309,7066,1
2475,0,13.9374,2063,5482,1
2458,0,13.8554,2072,5638,1
2300,0,13.9095,1955,5913,1
2255,0,13.9001,1947,5668,1
2419,0,13.8989,2133,5907,1
2488,0,13.8982,2165,6091,1
2818,0,13.9334,2547,6490,1
2948,0,13.9285,2683,6816,1
2483,0,13.8552,2246,6963,1
2841,0,13.9532,2575,7490,1
1937,0,13.8535,1706,6330,1
1568,0,13.8913,1344,5387,1
1383,0,13.9146,1156,4465,1
1413,0,13.8371,1145,4441,1
1365,0,13.9825,1102,4088,1
1692,0,14.2057,1380,4215,1
1352,0,14.0118,1100,4030,1
1713,0,13.8939,1324,4744,1
1280,0,13.9317,903,5426,1
1544,0,13.878,1181,5607,1
1247,0,14.0511,997,6488,1
1161,0,13.8116,945,6075,1
666,2,0,641,642,0
556,2,0,541,542,0
485,2,0,469,470,0
554195,1,8.56328,300000,258170,0
604723,1,9.49372,300000,270161,0
635208,1,10.0564,300000,280230,0
21495,0,14.0072,14922,65869,1
15671,0,13.9027,13602,52569,1
12575,0,13.899,11254,35865,1
12206,0,13.8953,11137,28271,1
13299,0,14.0453,11893,20181,1
14602,0,14.3472,13131,18610,1
12326,0,14.3472,11066,15782,1
9862,0,14.2738,8539,13597,1
10147,0,14.2661,8544,13710,1
9238,0,14.2025,7726,14004,1
8986,0,14.2015,7322,13940,1
7417,0,14.1739,6168,13680,1
7235,0,14.2614,6092,12839,1
7276,0,14.1269,6707,8186,1
7180,0,14.1897,6830,8337,1
6118,0,14.0565,5834,7461,1
3038,0,14.0082,2719,7373,1
2721,0,14.0075,2374,7307,1
2748,0,13.979,2344,8631,1
2345,0,13.9898,1883,7785,1
2361,0,14.0128,1871,7194,1
2516,0,13.9336,2027,6574,1
2547,0,14.0409,2105,6419,1
2487,0,13.9816,2090,5778,1
2548,0,14.068,2136,5715,1
2310,0,13.9067,1988,5433,1
2302,0,14.0878,2012,5207,1
2532,0,14.0623,2241,5443,1
2344,0,13.8988,2083,5642,1
2314,0,14.028,2045,5971,1
2792,0,14.0991,2574,6293,1
2552,0,13.9003,2347,6521,1
2580,0,13.9691,2349,6097,1
2074,0,13.9722,1881,5957,1
2325,0,13.8835,2126,5067,1
1867,0,13.8932,1642,4905,1
1673,0,14.0929,1445,4111,1
1538,0,14.0955,1299,3778,1
1279,0,13.957,1034,3822,1
1201,0,13.9584,968,3653,1
1420,0,14.1131,1063,3292,1
1450,0,14.1579,1105,3486,1
1116,0,14.03,798,4245,1
1064,0,14.1473,814,4342,1
670,2,0,641,642,0
563,2,0,541,542,0
486,2,0,469,470,0
571131,1,8.91702,300000,286708,0
632383,1,9.88204,300000,291303,0
662647,1,10.566,300000,297906,0
16882,0,14.155,10502,71575,1
14691,0,14.1431,12111,55437,1
10010,0,14.0429,8442,40413,1
8972,0,14.0424,7733,30305,1
8936,0,14.0402,7675,26178,1
11427,0,14.3576,10055,20039,1
10398,0,14.5104,9345,17146,1
10210,0,14.5087,8914,14721,1
8504,0,14.434,7261,13245,1
7079,0,14.353,5797,13155,1
7289,0,14.3564,5887,13376,1
6532,0,14.2834,5202,13459,1
5887,0,14.2834,4793,12373,1
5464,0,14.28,4558,11463,1
5854,0,14.3595,5355,7267,1
5832,0,14.3489,5467,8201,1
5091,0,14.1597,4810,7494,1
3027,0,14.1636,2740,6597,1
2374,0,14.132,2065,6630,1
2024,0,14.1072,1698,6299,1
2094,0,14.1057,1726,7458,1
2079,0,14.0817,1638,7433,1
1934,0,14.1953,1486,7603,1
2356,0,14.3172,1898,6545,1
2013,0,14.1587,1676,5711,1
2172,0,14.0507,1867,5546,1
1999,0,14.0501,1714,4956,1
2141,0,14.0504,1851,4929,1
2446,0,14.0342,2191,5009,1
2092,0,14.0599,1865,5325,1
2275,0,14.0468,2055,5688,1
2658,0,14.2163,2418,5859,1
2120,0,14.0243,1928,6234,1
2099,0,14.0242,1915,5818,1
2113,0,14.0726,1924,6309,1
2784,0,14.1322,2572,5325,1
1616,0,13.9844,1445,5927,1
1522,0,14.0449,1346,4473,1
1406,0,14.064,1192,3764,1
1348,0,14.0567,1109,3736,1
1303,0,14.0562,1080,3364,1
1465,0,14.1036,1235,3333,1
1422,0,14.3719,1116,3378,1
965,0,14.1773,736,3765,1
675,2,0,641,642,0
566,2,0,541,542,0
494,2,0,469,470,0
525022,1,8.75367,300000,267054,0
592987,1,9.84939,300000,276223,0
628985,1,10.632,300000,283443,0
661773,1,11.1347,300000,290902,0
15500,0,13.836,9795,48489,1
14137,0,13.8554,11962,38838,1
10228,0,13.8766,8973,28037,1
8757,0,13.8635,7782,22409,1
9024,0,13.9482,8078,16406,1
11962,0,14.3397,10585,14037,1
9760,0,14.4125,8774,12223,1
7993,0,14.3397,7023,11347,1
8762,0,14.3379,7512,13050,1
7528,0,14.2621,6278,13264,1
7215,0,14.2651,5878,13170,1
6023,0,14.188,4912,12499,1
5621,0,14.1951,4634,11300,1
5373,0,14.1938,4484,10739,1
5761,0,14.112,5261,8110,1
5753,0,14.099,5391,7597,1
4612,0,14.074,4346,7353,1
3253,0,14.0722,2968,5604,1
2200,0,14.0302,1894,6244,1
1843,0,14.0054,1529,5837,1
2039,0,14.0057,1626,6407,1
1757,0,13.894,1373,6094,1
1970,0,13.9828,1460,7069,1
2161,0,13.9652,1724,5727,1
1784,0,13.8919,1391,5006,1
1708,0,13.9492,1390,4619,1
1979,0,13.9505,1647,4666,1
1914,0,13.9473,1638,4465,1
1755,0,13.921,1502,4907,1
1675,0,13.931,1436,4720,1
1948,0,13.9441,1718,5126,1
1906,0,13.9424,1683,5309,1
1623,0,13.8914,1445,5613,1
1804,0,13.9052,1623,6049,1
2157,0,13.9095,1968,5536,1
1916,0,13.9201,1696,6297,1
1351,0,13.8979,1137,5945,1
1365,0,13.9291,1188,4831,1
1398,0,13.9423,1202,4720,1
1190,0,13.9604,961,3329,1
1167,0,13.9894,944,3169,1
1138,0,14.012,930,3110,1
1020,0,14.2517,755,3082,1
675,2,0,641,642,0
569,2,0,541,542,0
496,2,0,469,470,0
431,2,0,413,414,0
562354,1,9.80448,300000,268033,0
604951,1,10.7256,300000,277020,0
639980,1,11.297,300000,286410,0
14098,0,13.9085,8674,54324,1
13065,0,13.9067,10934,43006,1
11913,0,13.9384,10283,31659,1
8529,0,13.9366,7512,25997,1
7876,0,13.9316,7101,21038,1
9531,0,14.2664,8423,15960,1
9297,0,14.4255,8215,12683,1
9384,0,14.501,8259,11094,1
7763,0,14.4255,6703,9430,1
6731,0,14.3432,5675,9430,1
6257,0,14.3481,5138,9604,1
5997,0,14.2695,4858,9722,1
5449,0,14.2695,4334,10035,1
5155,0,14.2695,4239,9464,1
4201,0,14.1895,3535,9185,1
4631,0,14.1731,4150,8117,1
4513,0,14.1649,4201,7017,1
4057,0,14.143,3767,6427,1
2751,0,14.1151,2476,5227,1
2271,0,14.0835,1904,5041,1
1936,0,14.0828,1564,6093,1
1501,0,14.0542,1175,6101,1
1441,0,14.055,1076,6190,1
1633,0,14.028,1210,5593,1
1575,0,13.9723,1194,5074,1
2033,0,14.0512,1588,5169,1
1659,0,14.0127,1335,4460,1
1633,0,14.0205,1316,3833,1
1484,0,14.0161,1210,4148,1
1480,0,13.9918,1219,3883,1
1564,0,13.9898,1318,4024,1
1477,0,13.9884,1265,3619,1
1508,0,14.0142,1270,4296,1
1545,0,13.9696,1356,4399,1
1548,0,13.9618,1363,4710,1
1517,0,13.963,1317,4519,1
1503,0,13.962,1287,4794,1
1253,0,13.9683,1062,4638,1
1581,0,13.9541,1385,4360,1
1158,0,14.0018,967,4255,1
1220,0,14.0067,1016,4024,1
1106,0,14.0215,888,3368,1
877,0,14.0214,683,3371,1
677,2,0,641,642,0
570,2,0,541,542,0
495,2,0,469,470,0
429,2,0,413,414,0
577552,1,10.1699,300000,289349,0
630204,1,11.1532,300000,297153,0
665182,1,11.839,300000,302951,0
683932,1,12.2918,300000,307709,0
14337,0,13.9434,8758,45810,1
11529,0,13.9397,9756,36226,1
9852,0,13.9795,8428,28624,1
7292,0,13.9712,6412,22326,1
6917,0,13.9712,6106,18116,1
8198,0,14.4032,7114,14713,1
7600,0,14.4847,6654,13032,1
6730,0,14.4847,5794,9445,1
6686,0,14.479,5615,9259,1
6187,0,14.3956,5070,9431,1
5955,0,14.3989,4782,9491,1
4939,0,14.2935,3913,9250,1
4809,0,14.3128,3825,8818,1
4313,0,14.3136,3480,8068,1
3686,0,14.2289,3040,7598,1
4454,0,14.2039,4010,6405,1
3836,0,14.1742,3585,6030,1
3419,0,14.1974,3081,5210,1
3170,0,14.1629,2842,4580,1
2113,0,14.1301,1775,4333,1
2395,0,14.1334,1964,4161,1
1652,0,14.0061,1356,5362,1
1810,0,14.0757,1421,5178,1
1489,0,14.012,1115,6590,1
1691,0,14.0764,1252,5648,1
1510,0,14.0494,1142,5144,1
1308,0,13.9749,1018,4149,1
1340,0,13.9972,1057,4470,1
1264,0,14.0422,1025,3771,1
1366,0,14.0447,1126,3798,1
1332,0,14.031,1079,3633,1
1292,0,14.0265,1077,3883,1
1316,0,14.0305,1114,3680,1
1214,0,14.0261,1017,3990,1
1185,0,14.0269,1001,4314,1
1251,0,14.0063,1065,4004,1
1302,0,14.0223,1110,4375,1
1334,0,13.9964,1120,4176,1
1044,0,14.0735,864,2283,1
900,0,13.9845,712,3882,1
1061,0,14.0783,855,3500,1
943,0,14.0583,738,3463,1
667,2,0,641,642,0
569,2,0,541,542,0
493,2,0,469,470,0
427,2,0,413,414,0
589236,1,10.4993,300000,308301,0
653049,1,11.5034,300000,312441,0
677266,1,12.2665,300000,314799,0
688361,1,12.7418,300000,316456,0
11129,0,13.9481,5821,44100,1
8433,0,13.9422,6796,38267,1
9112,0,13.9422,7384,32321,1
6344,0,13.9821,5335,24894,1
5572,0,13.9787,4715,20655,1
5776,0,14.1591,4920,15861,1
5678,0,14.4146,4852,13077,1
5597,0,14.5048,4816,12134,1
5608,0,14.5009,4733,8978,1
5047,0,14.4238,4168,8736,1
5233,0,14.4219,4227,9290,1
4801,0,14.3317,3769,9330,1
4439,0,14.3277,3418,9084,1
4175,0,14.3317,3237,8564,1
3279,0,14.2446,2586,8071,1
2905,0,14.2454,2328,7483,1
3375,0,14.2289,2998,5254,1
3036,0,14.1836,2743,5268,1
3013,0,14.2025,2764,5039,1
2516,0,14.1523,2266,4544,1
2007,0,14.1421,1653,4033,1
2010,0,14.1421,1632,4847,1
1633,0,14.1705,1303,4836,1
1350,0,14.0157,1033,4611,1
1419,0,14.018,1051,4390,1
1533,0,14.02,1098,4936,1
1111,0,14.0032,823,4635,1
1241,0,14.0315,930,4712,1
1230,0,14.0785,941,4411,1
1204,0,14.0237,941,3322,1
1268,0,14.0487,1000,3374,1
1103,0,14.0431,891,3453,1
1064,0,14.037,839,3694,1
1153,0,14,944,3382,1
1160,0,14.0235,970,3590,1
1026,0,14.0126,866,3818,1
1053,0,14.0099,888,3677,1
1031,0,14.0124,858,4168,1
1012,0,14.0064,835,4109,1
1244,0,14.0149,1053,3883,1
1042,0,14.0537,844,2026,1
900,0,13.9935,735,3827,1
666,2,0,641,642,0
566,2,0,541,542,0
489,2,0,469,470,0
420,2,0,413,414,0
512876,1,9.90019,300000,270731,0
597787,1,11.2181,300000,281801,0
639918,1,12.1037,300000,288917,0
659392,1,12.7713,300000,295077,0
10974,0,13.9226,5755,47019,1
8046,0,13.9206,6648,36785,1
9255,0,13.9332,7712,31736,1
8216,0,13.9583,7055,27955,1
6485,0,13.9522,5677,19594,1
5646,0,13.9482,4958,17255,1
6017,0,14.3211,5178,13664,1
5743,0,14.4082,5027,11959,1
5428,0,14.4959,4721,11119,1
5061,0,14.4062,4342,8237,1
5026,0,14.4062,4205,8650,1
5015,0,14.4076,4097,8743,1
4053,0,14.3239,3174,8634,1
3976,0,14.3205,3068,8365,1
3800,0,14.3176,2961,8099,1
3044,0,14.2319,2420,7827,1
2765,0,14.2319,2247,7102,1
3000,0,14.2168,2619,4995,1
2901,0,14.1685,2654,5137,1
2738,0,14.1474,2442,5056,1
2321,0,14.14,2043,4860,1
1525,0,14.1242,1228,4157,1
1759,0,14.0894,1421,4279,1
1565,0,14.1287,1226,5093,1
1370,0,14.0175,1057,4897,1
1326,0,14.0673,935,5155,1
1117,0,13.9942,797,4693,1
1227,0,13.9792,882,5230,1
1066,0,14.0638,774,4411,1
1084,0,13.9695,832,3877,1
1111,0,13.9303,867,3310,1
990,0,14.0222,786,3374,1
1001,0,14.0348,784,3521,1
1063,0,14.021,846,3521,1
1050,0,13.9834,860,3381,1
1022,0,13.9755,850,3505,1
1166,0,13.9972,999,3799,1
1203,0,13.9949,1038,3525,1
1215,0,14.0155,1050,3778,1
1178,0,13.9854,1005,3574,1
1104,0,13.9957,931,4130,1
1124,0,13.9905,954,4080,1
680,2,0,641,642,0
571,2,0,541,542,0
498,2,0,469,470,0
428,2,0,413,414,0
383,2,0,369,370,0
517962,1,10.6179,300000,232382,0
561968,1,11.5643,300000,240197,0
588527,1,12.325,300000,250667,0
608437,1,12.8607,300000,257885,0
10391,0,14.1176,6027,29130,1
8374,0,14.1134,7054,23420,1
8657,0,13.9851,7422,20018,1
6143,0,13.983,5368,16280,1
5561,0,13.9866,4919,15726,1
4967,0,13.9839,4453,13530,1
6054,0,14.2747,5349,11340,1
6578,0,14.4588,5877,9169,1
5139,0,14.4602,4521,8828,1
5018,0,14.3694,4326,9017,1
4699,0,14.3673,3956,9759,1
3952,0,14.2759,3250,7863,1
3722,0,14.278,2960,7949,1
3953,0,14.2759,3106,8013,1
3237,0,14.1817,2595,7618,1
2913,0,14.1832,2382,6977,1
2767,0,14.1874,2268,6621,1
2443,0,14.126,2173,4828,1
2688,0,14.1499,2418,4789,1
2369,0,14.0738,2160,4407,1
2020,0,14.0975,1798,4242,1
1790,0,14.0832,1513,3868,1
1284,0,14.0424,1014,3898,1
1186,0,14.0434,930,4849,1
1051,0,14.0788,791,4764,1
1042,0,14.186,772,4493,1
1118,0,14.1502,819,4530,1
1117,0,14.0146,809,4467,1
1056,0,14.1201,777,4598,1
1032,0,14.1001,772,4043,1
1036,0,14.0187,799,3661,1
1064,0,14.0869,836,3033,1
997,0,14.015,779,2905,1
984,0,13.9779,794,3158,1
975,0,13.9361,806,3366,1
953,0,13.941,788,3260,1
915,0,13.9644,779,3515,1
953,0,13.9663,814,3383,1
1057,0,13.9659,916,3580,1
1072,0,13.9611,927,3087,1
1106,0,13.9648,949,3767,1
675,2,0,641,642,0
568,2,0,541,542,0
496,2,0,469,470,0
428,2,0,413,414,0
382,2,0,369,370,0
527176,1,11.0326,300000,260813,0
590983,1,12.0972,300000,269513,0
617573,1,12.9555,300000,277405,0
634470,1,13.5486,300000,282370,0
8612,0,14.0318,4218,30592,1
6782,0,14.0253,5640,23364,1
7457,0,14.0231,6331,20724,1
5414,0,13.8929,4689,15645,1
4648,0,13.8945,3988,11792,1
4452,0,13.8923,3909,11053,1
5557,0,14.0972,4909,9334,1
5013,0,14.2951,4389,9071,1
5126,0,14.3879,4534,8092,1
4256,0,14.293,3735,7365,1
4104,0,14.2936,3469,8290,1
3871,0,14.1965,3236,8447,1
3765,0,14.1907,3071,7274,1
3757,0,14.2036,2999,7369,1
3543,0,14.2008,2805,7254,1
2877,0,14.1016,2317,7124,1
2899,0,14.1052,2342,6519,1
2625,0,14.1016,2166,6282,1
2597,0,14.0466,2314,4920,1
2396,0,14.0729,2132,4335,1
2090,0,14.0001,1856,4754,1
1930,0,13.9857,1705,3859,1
1223,0,13.9631,1002,4077,1
1405,0,13.9754,1124,3888,1
1212,0,13.9635,934,3889,1
1034,0,13.9667,807,4374,1
999,0,14.0028,730,4794,1
1114,0,13.9309,798,4917,1
998,0,13.9696,691,4879,1
1087,0,14.0738,825,4561,1
1078,0,14.03,808,3955,1
900,0,13.8995,671,3132,1
937,0,13.8988,724,3428,1
1037,0,13.9334,811,3217,1
912,0,13.8583,732,3266,1
880,0,13.8614,709,3183,1
915,0,13.8607,743,2853,1
859,0,13.859,705,2412,1
1092,0,13.8918,942,3037,1
1068,0,13.8852,917,2715,1
924,0,13.8903,782,2843,1
676,2,0,641,642,0
560,2,0,541,542,0
490,2,0,469,470,0
422,2,0,413,414,0
378,2,0,369,370,0
531920,1,11.308,300000,274333,0
595732,1,12.4278,300000,276950,0
616935,1,13.2326,300000,278347,0
632113,1,13.8475,300000,277541,0
643452,1,14.3448,300000,279412,0
8569,0,13.9114,4394,29626,1
6109,0,13.9091,5109,25398,1
6955,0,13.9069,5848,22025,1
7408,0,13.9002,6351,18867,1
7250,0,13.9861,6259,18515,1
7259,0,13.938,6328,19030,1
8747,0,14.3404,7481,13932,1
7685,0,14.4389,6725,10011,1
6732,0,14.4427,5886,8611,1
7203,0,14.4405,6193,9244,1
6707,0,14.4724,5641,8314,1
4788,0,14.2671,3908,8193,1
4468,0,14.2671,3592,6720,1
3774,0,14.2716,2963,6329,1
3065,0,14.1864,2394,5729,1
2955,0,14.1826,2329,5778,1
2860,0,14.1782,2283,5179,1
2974,0,14.1895,2398,5179,1
2197,0,14.1554,1914,4803,1
2288,0,14.176,2058,4293,1
2203,0,14.1469,1945,4426,1
1980,0,14.104,1726,4052,1
1830,0,14.1403,1525,3105,1
1727,0,14.2481,1369,3042,1
1277,0,14.1284,987,3939,1
1010,0,14.0029,755,3865,1
1082,0,14.0037,789,4001,1
907,0,13.9684,656,3617,1
770,0,13.9684,537,3515,1
1151,0,13.9691,862,3224,1
1070,0,13.9316,812,3531,1
935,0,13.9316,697,3069,1
857,0,13.9328,653,2662,1
856,0,13.9281,669,2511,1
868,0,13.922,706,2867,1
916,0,13.9459,750,2644,1
820,0,14.021,672,2745,1
931,0,14.0103,773,2735,1
865,0,13.998,712,2565,1
980,0,14.0114,820,2587,1
667,2,0,641,642,0
564,2,0,541,542,0
493,2,0,469,470,0
428,2,0,413,414,0
380,2,0,369,370,0
348,2,0,335,336,0
551489,1,12.1544,300000,253363,0
586378,1,13.0533,300000,257893,0
609309,1,13.8662,300000,263766,0
625051,1,14.4446,300000,269123,0
8868,0,14.0464,4432,29627,1
6735,0,14.0418,5708,25715,1
7289,0,14.0395,6315,20921,1
7674,0,14.0349,6696,18226,1
7548,0,14.0822,6662,17326,1
5896,0,14.0776,5266,15530,1
5485,0,14.286,4850,10747,1
5877,0,14.4881,5207,9233,1
5222,0,14.5934,4704,7874,1
4676,0,14.5911,4103,6992,1
4797,0,14.595,4138,6999,1
4214,0,14.4897,3530,7038,1
4154,0,14.4897,3421,7066,1
3899,0,14.4631,3141,7229,1
3871,0,14.4051,3074,5866,1
3208,0,14.328,2493,5849,1
2766,0,14.3021,2217,5400,1
2698,0,14.351,2171,5050,1
2480,0,14.3752,2027,4960,1
2574,0,14.3239,2287,3642,1
2021,0,14.2969,1791,3723,1
2150,0,14.2813,1891,3522,1
2021,0,14.2611,1760,3340,1
1885,0,14.2268,1573,3545,1
1427,0,14.222,1117,3222,1
1285,0,14.1957,973,3526,1
991,0,14.1342,742,3226,1
1042,0,14.1096,768,2918,1
793,0,14.1032,575,3384,1
967,0,14.1032,669,4005,1
1324,0,14.0897,991,3369,1
1406,0,14.0833,1091,3010,1
1117,0,14.0658,862,2895,1
1032,0,14.064,820,2462,1
928,0,14.09,723,2633,1
853,0,14.2441,670,2523,1
766,0,14.1235,606,2517,1
754,0,14.1588,601,2642,1
775,0,14.1153,617,2424,1
728,0,14.1074,582,2476,1
664,2,0,641,642,0
561,2,0,541,542,0
490,2,0,469,470,0
423,2,0,413,414,0
386,2,0,369,370,0
348,2,0,335,336,0
565777,1,12.7366,300000,273938,0
613761,1,13.7417,300000,284327,0
636614,1,14.4815,300000,287259,0
655856,1,15.161,300000,293122,0
673314,1,15.6675,300000,296203,0
8927,0,14.1584,4541,24601,1
6200,0,14.1561,5259,20505,1
6485,0,14.083,5558,17207,1
5173,0,14.0133,4492,14881,1
4136,0,14.0086,3638,11819,1
3723,0,14.0173,3261,10570,1
3980,0,14.2387,3494,8638,1
3862,0,14.3493,3422,7828,1
4181,0,14.4483,3733,6946,1
3479,0,14.4506,3017,6287,1
3936,0,14.4459,3342,6314,1
3493,0,14.3446,2933,6169,1
3328,0,14.3383,2723,6000,1
3278,0,14.3359,2636,5022,1
2507,0,14.233,1988,5020,1
2370,0,14.233,1858,4830,1
2449,0,14.2299,1954,4630,1
2089,0,14.2276,1657,4238,1
2038,0,14.2292,1634,4195,1
2028,0,14.1782,1785,3736,1
1836,0,14.1154,1614,3736,1
1884,0,14.1339,1700,3362,1
1682,0,14.1224,1452,2921,1
1514,0,14.121,1263,2970,1
1351,0,14.2151,1084,2658,1
1218,0,14.1242,964,2539,1
1246,0,14.2509,955,3267,1
842,0,14.2142,612,3334,1
844,0,14.2142,597,3522,1
885,0,14.0938,619,3157,1
951,0,14.1387,667,3599,1
851,0,14.1752,621,3414,1
681,0,14.1813,492,3008,1
753,0,14.1695,554,2548,1
831,0,14.1379,639,3045,1
796,0,13.9859,636,2930,1
799,0,14.0251,644,2475,1
754,0,13.9847,604,2466,1
806,0,13.9861,647,2391,1
665,2,0,641,642,0
559,2,0,541,542,0
495,2,0,469,470,0
428,2,0,413,414,0
384,2,0,369,370,0
346,2,0,335,336,0
582902,1,13.3485,300000,307570,0
629196,1,14.3362,300000,310797,0
662530,1,15.1462,300000,311813,0
674784,1,15.7,300000,309975,0
687744,1,16.3116,300000,311137,0
8097,0,13.9693,3527,27675,1
4910,0,13.9669,3977,25533,1
5215,0,13.9596,4256,21687,1
5290,0,13.9499,4359,17398,1
5258,0,13.9475,4387,16630,1
5260,0,13.9451,4397,17250,1
4985,0,13.9427,4218,16824,1
7749,0,14.2356,6719,11676,1
8762,0,14.4667,7718,10124,1
8232,0,14.4438,7232,9313,1
7437,0,14.4414,6431,8653,1
5671,0,14.3397,4810,9011,1
4540,0,14.3469,3785,7487,1
4045,0,14.3494,3307,7209,1
2886,0,14.2428,2296,6630,1
2549,0,14.2428,1991,6269,1
2681,0,14.2404,2084,5309,1
2218,0,14.238,1733,4894,1
2350,0,14.238,1863,4705,1
2449,0,14.253,1945,4866,1
2071,0,14.1865,1754,3624,1
2410,0,14.1693,2114,3763,1
2135,0,14.1831,1846,3246,1
2394,0,14.164,2107,2734,1
1817,0,14.1565,1547,2789,1
1365,0,14.1169,1109,2688,1
956,0,14.0645,755,2553,1
1181,0,14.0728,903,2605,1
755,0,14.027,559,2909,1
808,0,14.027,569,2572,1
904,0,14.0262,631,3180,1
803,0,14.002,560,3072,1
672,0,13.9944,491,2595,1
762,0,14.0472,567,3116,1
841,0,14.0803,635,2837,1
872,0,13.9542,680,2337,1
851,0,14.0371,678,2268,1
991,0,14.0378,790,2116,1
790,0,14.0584,630,2238,1
662,2,0,641,642,0
559,2,0,541,542,0
487,2,0,469,470,0
419,2,0,413,414,0
376,2,0,369,370,0
344,2,0,335,336,0
320,2,0,305,306,0
589324,1,14.11,300000,286978,0
623210,1,14.9633,300000,291018,0
642592,1,15.6297,300000,295231,0
661511,1,16.3047,300000,298696,0
8167,0,14.0461,3632,28672,1
4493,0,14.0411,3694,23217,1
5011,0,14.0816,4161,21382,1
5371,0,14.1177,4526,17941,1
5611,0,14.0262,4796,16758,1
4737,0,14.0725,4116,14660,1
3936,0,14.0675,3449,13642,1
3615,0,14.2946,3100,9578,1
4504,0,14.5208,3889,8540,1
3516,0,14.6235,3047,6806,1
3676,0,14.6235,3155,6494,1
2938,0,14.5208,2475,5827,1
2991,0,14.5226,2471,6407,1
3299,0,14.5226,2653,6805,1
3092,0,14.5226,2444,6816,1
2298,0,14.3288,1812,6316,1
2512,0,14.3288,1958,6362,1
2138,0,14.327,1640,6057,1
2047,0,14.4057,1581,4700,1
2093,0,14.404,1650,4646,1
1937,0,14.4015,1517,4394,1
1567,0,14.2874,1328,2890,1
1530,0,14.2727,1335,3495,1
1570,0,14.3039,1350,3196,1
1642,0,14.3045,1416,2888,1
1982,0,14.4782,1729,3162,1
1368,0,14.4039,1088,3080,1
1033,0,14.4248,808,2759,1
1034,0,14.3343,805,2976,1
751,0,14.3975,558,2871,1
730,0,14.1034,524,3003,1
692,0,14.0659,486,3298,1
581,0,14.0695,395,3259,1
695,0,14.0752,457,3117,1
726,0,14.362,510,2684,1
750,0,14.1943,551,2516,1
661,0,14.0286,470,2236,1
645,0,14.0437,481,2637,1
615,0,14.0257,463,2349,1
664,2,0,641,642,0
560,2,0,541,542,0
490,2,0,469,470,0
424,2,0,413,414,0
379,2,0,369,370,0
342,2,0,335,336,0
316,2,0,305,306,0
564197,1,14.1782,300000,281416,0
597812,1,15.0191,300000,281266,0
619179,1,15.6988,300000,284964,0
637392,1,16.3567,300000,286573,0
640019,1,16.958,300000,290199,0
7677,0,14.0966,3665,25714,1
4627,0,14.0941,3864,16781,1
4635,0,14.089,3947,13687,1
4073,0,13.9393,3484,12464,1
3312,0,13.9368,2856,9907,1
2711,0,13.9309,2371,9360,1
2533,0,13.9302,2227,9732,1
3121,0,14.1861,2693,6959,1
3034,0,14.2933,2658,6439,1
3355,0,14.41,2959,5571,1
2999,0,14.41,2589,5904,1
2513,0,14.3028,2142,5223,1
2427,0,14.2984,2029,5982,1
2489,0,14.294,2022,5577,1
2046,0,14.1817,1626,5598,1
1914,0,14.1817,1484,5184,1
2328,0,14.3978,1792,5107,1
1866,0,14.1817,1443,4058,1
2164,0,14.323,1685,4885,1
1618,0,14.1843,1273,3671,1
1639,0,14.2132,1333,4232,1
1753,0,14.133,1512,2664,1
1468,0,14.0452,1318,3126,1
1340,0,14.0314,1203,2846,1
1227,0,14.0927,1056,2759,1
1224,0,14.1968,995,2842,1
915,0,14.0656,715,2436,1
885,0,14.0827,698,2229,1
679,0,14.1647,511,2415,1
758,0,14.1662,556,2853,1
650,0,14.1608,468,2715,1
534,0,14.1289,361,2631,1
621,0,14.1332,417,2550,1
685,0,13.9652,452,2674,1
651,0,13.9667,455,2178,1
693,0,13.9683,501,2674,1
661,0,14.0906,495,2857,1
721,0,14.0846,556,2886,1
660,2,0,641,642,0
557,2,0,541,542,0
485,2,0,469,470,0
419,2,0,413,414,0
375,2,0,369,370,0
339,2,0,335,336,0
313,2,0,305,306,0
533229,1,14.0115,300000,266706,0
582761,1,15.0484,300000,274788,0
603045,1,15.8038,300000,278581,0
622414,1,16.4876,300000,281378,0
628213,1,17.2563,300000,284217,0
6625,0,13.8251,2560,18293,1
3794,0,13.8224,3093,15636,1
3868,0,13.8146,3197,13050,1
4150,0,13.812,3449,10563,1
4047,0,13.8067,3417,10740,1
4042,0,13.7989,3435,10316,1
3753,0,13.8196,3210,11111,1
3579,0,13.9689,3091,8633,1
4047,0,14.2027,3470,6565,1
4047,0,14.3302,3555,5349,1
4357,0,14.4338,3810,4960,1
3362,0,14.325,2891,4839,1
3690,0,14.3276,3101,5264,1
3424,0,14.325,2810,5919,1
3266,0,14.2387,2643,5725,1
2263,0,14.1209,1791,5940,1
2015,0,14.1209,1537,5516,1
2183,0,14.1228,1651,5508,1
2018,0,14.1228,1556,5395,1
1813,0,14.1235,1401,4980,1
1927,0,14.1157,1519,3886,1
1567,0,14.0901,1229,3786,1
1363,0,14.1016,1156,2784,1
1309,0,14.0596,1120,3180,1
1341,0,14.0262,1144,2884,1
1301,0,14.0882,1104,2618,1
1773,0,14.0894,1524,2135,1
977,0,14.2236,805,2594,1
1077,0,14.0579,826,1956,1
724,0,13.9282,549,2556,1
755,0,13.9163,563,2730,1
649,0,13.8973,460,2413,1
560,0,13.8615,381,2487,1
604,0,13.8636,407,2245,1
784,0,13.9197,557,2702,1
750,0,13.8636,535,2468,1
613,0,13.8628,436,2531,1
445,0,13.8209,309,2425,1
661,2,0,641,642,0
557,2,0,541,542,0
485,2,0,469,470,0
421,2,0,413,414,0
374,2,0,369,370,0
340,2,0,335,336,0
314,2,0,305,306,0
285,2,0,281,282,0
622680,1,15.967,300000,309405,0
647514,1,16.865,300000,311534,0
669866,1,17.4102,300000,312746,0
674271,1,18.2532,300000,313825,0
679454,1,18.7527,300000,314106,0
7035,0,14.1669,2498,18486,1
3430,0,14.1615,2730,15773,1
3639,0,14.1615,2924,14640,1
3198,0,14.0015,2601,11940,1
2343,0,13.9908,1915,9426,1
2223,0,13.9908,1859,8916,1
1994,0,13.99,1674,7092,1
2124,0,14.1375,1766,5094,1
2299,0,14.3818,1907,4986,1
2194,0,14.381,1829,4609,1
1718,0,14.3756,1413,4116,1
1908,0,14.3737,1550,4446,1
1976,0,14.371,1552,4603,1
1827,0,14.371,1418,4819,1
1603,0,14.2511,1216,5303,1
1554,0,14.2465,1156,5197,1
1591,0,14.2484,1152,5224,1
1493,0,14.2511,1065,5103,1
1518,0,14.2484,1105,5069,1
1234,0,14.2537,909,4672,1
1086,0,14.1349,815,4753,1
1021,0,14.1349,768,3607,1
1170,0,14.1638,955,3308,1
1162,0,14.1326,959,3040,1
1044,0,14.103,887,2923,1
1210,0,14.1133,1017,2691,1
952,0,14.1363,791,2243,1
1020,0,14.2823,789,2086,1
852,0,14.1127,638,2244,1
718,0,14.2181,536,2144,1
719,0,14.0939,524,2089,1
577,0,14.2021,420,2203,1
576,0,14.2024,395,2215,1
613,0,14.0273,410,2091,1
672,0,14.2015,441,2790,1
582,0,14.1999,380,2586,1
461,0,14.1578,318,2407,1
669,2,0,641,642,0
560,2,0,541,542,0
489,2,0,469,470,0
422,2,0,413,414,0
376,2,0,369,370,0
342,2,0,335,336,0
315,2,0,305,306,0
288,2,0,281,282,0
566382,1,15.4428,300000,271683,0
601414,1,16.4426,300000,282112,0
629164,1,17.2922,300000,289444,0
638726,1,18.0245,300000,294690,0
647400,1,18.6112,300000,297189,0
6404,0,13.8474,2140,16237,1
3054,0,13.8419,2423,13985,1
3158,0,13.8392,2570,11589,1
3146,0,13.8321,2592,9829,1
2985,0,13.8199,2458,9445,1
3201,0,13.8266,2680,9766,1
3215,0,13.8476,2719,10437,1
3023,0,13.8222,2551,9631,1
4398,0,14.2413,3718,7414,1
4090,0,14.3705,3502,5678,1
4814,0,14.3608,4202,6333,1
3683,0,14.3616,3124,4657,1
4081,0,14.3016,3403,5743,1
3429,0,14.2896,2830,4687,1
3169,0,14.3444,2561,4501,1
2191,0,14.1554,1710,4354,1
1962,0,14.1581,1494,4449,1
1879,0,14.1609,1406,4441,1
1629,0,14.1581,1206,4400,1
1747,0,14.1554,1313,4313,1
1506,0,14.0465,1133,4251,1
1356,0,14.1115,1030,3802,1
1434,0,14.123,1104,2917,1
1284,0,14.1095,1057,3191,1
1202,0,14.0954,1043,2824,1
1194,0,14.0843,1021,2734,1
1212,0,14.0592,1032,2341,1
1376,0,14.0049,1167,2234,1
1003,0,14.2581,792,2101,1
648,0,14.2373,478,1986,1
711,0,13.9654,523,2113,1
534,0,13.9264,382,2153,1
555,0,13.8965,392,2127,1
607,0,13.9772,430,2642,1
600,0,13.8893,410,2652,1
530,0,13.8923,346,2510,1
493,0,13.889,326,2389,1
667,2,0,641,642,0
565,2,0,541,542,0
493,2,0,469,470,0
424,2,0,413,414,0
381,2,0,369,370,0
351,2,0,335,336,0
323,2,0,305,306,0
294,2,0,281,282,0
536101,1,15.3604,300000,265025,0
586200,1,16.5523,300000,278926,0
620559,1,17.403,300000,285500,0
629769,1,18.2296,300000,292337,0
641841,1,18.7199,300000,296434,0
650111,1,19.2005,300000,299102,0
6624,0,14.1729,2585,17504,1
3754,0,14.1701,3187,15300,1
3634,0,14.1588,3123,13217,1
3724,0,14.0783,3256,10926,1
2745,0,13.9938,2426,8815,1
2475,0,13.9958,2199,8371,1
2341,0,13.9958,2084,6671,1
2457,0,14.1477,2160,5187,1
2268,0,14.266,1944,4691,1
2301,0,14.4031,1976,4267,1
1979,0,14.4003,1682,3748,1
1899,0,14.3995,1572,3637,1
1957,0,14.3995,1600,3360,1
1986,0,14.387,1586,3562,1
1471,0,14.2603,1155,3195,1
1735,0,14.4246,1353,3788,1
1600,0,14.3305,1226,3741,1
1692,0,14.4939,1267,4019,1
1368,0,14.2603,1016,3713,1
1555,0,14.4218,1169,3983,1
1150,0,14.1449,886,3440,1
1088,0,14.1373,862,2683,1
1441,0,14.37,1140,2835,1
1391,0,14.201,1163,3055,1
1064,0,14.169,904,2727,1
1383,0,14.2577,1194,2544,1
1048,0,14.1355,907,2237,1
1009,0,14.1113,861,1858,1
1195,0,14.2511,977,2078,1
721,0,14.1081,552,1734,1
858,0,14.2476,655,2233,1
593,0,14.2192,433,2263,1
617,0,14.217,436,2075,1
566,0,14.2113,388,1981,1
520,0,14.2074,357,1921,1
440,0,14.217,293,2031,1
660,2,0,641,642,0
558,2,0,541,542,0
486,2,0,469,470,0
420,2,0,413,414,0
375,2,0,369,370,0
340,2,0,335,336,0
313,2,0,305,306,0
286,2,0,281,282,0
561397,1,16.4765,300000,304606,0
612100,1,17.6225,300000,308824,0
639324,1,18.1734,300000,310512,0
646140,1,18.6652,300000,311551,0
616325,0,19.1816,282785,296889,1
567016,0,19.1816,262771,276922,1
5789,0,13.8026,2058,14349,1
2725,0,13.7968,2226,12467,1
2956,0,13.7911,2431,10518,1
2893,0,13.7853,2429,8707,1
3026,0,13.7853,2531,8919,1
3063,0,13.7824,2603,9246,1
3166,0,13.7767,2680,9845,1
2845,0,13.768,2431,9056,1
3600,0,14.0971,3096,7000,1
3278,0,14.2268,2790,5444,1
3270,0,14.3466,2756,4911,1
3806,0,14.3213,3198,5318,1
2591,0,14.3507,2117,4118,1
2857,0,14.3315,2314,4511,1
2562,0,14.2317,2104,4253,1
2257,0,14.1426,1798,4092,1
1961,0,14.1454,1514,3741,1
1642,0,14.1454,1235,3396,1
1746,0,14.1397,1293,3719,1
1785,0,14.1454,1309,3699,1
1262,0,14.0228,950,3275,1
1197,0,14.0216,931,3315,1
1269,0,14.1124,974,3234,1
1300,0,14.0912,995,3384,1
1034,0,14.1239,840,2677,1
975,0,14.0639,810,2422,1
1045,0,14.0409,869,2606,1
947,0,14.0576,777,2189,1
1313,0,14.0212,1112,1846,1
1135,0,13.9148,940,1631,1
779,0,14.2011,599,1643,1
816,0,14.0084,610,1645,1
589,0,14.1942,443,2189,1
624,0,13.884,443,2294,1
538,0,13.8547,380,2037,1
432,0,13.8579,292,2061,1
662,2,0,641,642,0
558,2,0,541,542,0
486,2,0,469,470,0
420,2,0,413,414,0
376,2,0,369,370,0
341,2,0,335,336,0
314,2,0,305,306,0
286,2,0,281,282,0
264,2,0,259,260,0
574175,1,17.1091,300000,282804,0
609992,1,18.0599,300000,291303,0
620128,1,18.6585,300000,295302,0
636373,1,19.1012,299990,298592,0.02
597601,0,19.6194,282097,285825,1
5810,0,14.1205,2157,17474,1
2376,0,14.1117,1923,15435,1
2594,0,14.1058,2117,13515,1
2765,0,14.1028,2278,11720,1
2854,0,14.097,2392,9773,1
2895,0,14.0911,2451,9290,1
2731,0,14.0881,2324,8811,1
2794,0,14.0793,2354,9127,1
3118,0,14.1913,2613,8182,1
4528,0,14.4506,3890,7058,1
4500,0,14.5773,3824,7043,1
4304,0,14.5714,3697,7749,1
3634,0,14.5685,3060,5496,1
3448,0,14.5685,2848,5142,1
2872,0,14.5773,2315,4559,1
2258,0,14.4476,1834,4074,1
2004,0,14.4506,1581,3805,1
1576,0,14.4535,1197,3568,1
1701,0,14.4535,1284,3595,1
1705,0,14.4565,1254,3795,1
1447,0,14.4535,1069,3493,1
1173,0,14.3268,885,3203,1
1259,0,14.3239,943,3233,1
1232,0,14.3209,940,3360,1
1540,0,14.2998,1231,3173,1
1644,0,14.2771,1396,2932,1
1710,0,14.299,1455,2796,1
2085,0,14.2679,1784,2583,1
1943,0,14.2574,1649,2343,1
1155,0,14.2583,981,1818,1
772,0,14.2099,631,1842,1
813,0,14.2009,641,1581,1
585,0,14.2021,436,1761,1
619,0,14.1611,444,1560,1
677,0,14.1647,491,1586,1
510,0,14.1629,350,1582,1
665,2,0,641,642,0
561,2,0,541,542,0
489,2,0,469,470,0
422,2,0,413,414,0
378,2,0,369,370,0
343,2,0,335,336,0
317,2,0,305,306,0
289,2,0,281,282,0
266,2,0,259,260,0
588409,1,17.9537,300000,305122,0
616717,1,18.4886,300000,304580,0
626646,1,19.0029,300000,305874,0
633109,1,19.1006,299936,303428,0.14
590818,0,19.5429,279878,286175,1
550666,0,19.5429,260483,267275,1
5387,0,14.0659,2098,16652,1
2826,0,14.0599,2353,14724,1
3112,0,14.0569,2606,13055,1
2822,0,14.0478,2387,9812,1
2971,0,14.0418,2574,9700,1
2960,0,14.0298,2572,9506,1
2871,0,13.8755,2520,8199,1
2154,0,13.8789,1874,7349,1
2642,0,14.0261,2283,5996,1
2476,0,14.1646,2120,4602,1
2966,0,14.3023,2545,4321,1
3928,0,14.3456,3436,4812,1
2364,0,14.2972,2018,3454,1
3456,0,14.5299,2885,4408,1
1894,0,14.1676,1535,3578,1
1654,0,14.1676,1319,3373,1
1718,0,14.1655,1340,3468,1
1663,0,14.328,1267,3358,1
1667,0,14.1634,1249,3413,1
1528,0,14.4193,1121,3469,1
1222,0,14.1055,914,3107,1
1374,0,14.0635,1056,3297,1
1188,0,14.1046,920,2896,1
1082,0,14.1067,849,2746,1
1226,0,14.1637,1029,3043,1
913,0,13.9721,782,2324,1
834,0,14.0543,694,2077,1
906,0,14.043,761,2107,1
902,0,14.022,756,1965,1
1150,0,14.1971,994,1777,1
840,0,14.1601,699,1568,1
743,0,14.152,575,1344,1
575,0,14.1154,431,1685,1
573,0,14.1156,417,1579,1
464,0,14.1177,327,1750,1
665,2,0,641,642,0
561,2,0,541,542,0
487,2,0,469,470,0
421,2,0,413,414,0
376,2,0,369,370,0
340,2,0,335,336,0
314,2,0,305,306,0
286,2,0,281,282,0
264,2,0,259,260,0
518809,1,17.0581,300000,261037,0
567647,1,17.983,300000,268489,0
582286,1,18.8921,300000,274987,0
587111,1,19.4334,295914,277902,0.98
545140,0,19.4439,272692,257932,1
505713,0,19.4439,253830,241341,1
5262,0,13.9982,2111,15048,1
2717,0,13.9952,2278,13391,1
2771,0,13.9921,2346,11869,1
3007,0,13.9859,2562,10243,1
2914,0,13.9736,2506,8788,1
2903,0,13.9644,2525,9333,1
2803,0,13.9613,2477,8551,1
2895,0,13.9582,2555,9062,1
2853,0,13.9521,2533,9380,1
3338,0,14.2045,2905,6562,1
4468,0,14.3492,3903,6135,1
5262,0,14.4815,4685,5039,1
4679,0,14.4692,4145,5102,1
3663,0,14.4754,3155,5558,1
3499,0,14.4754,2959,4296,1
2561,0,14.343,2118,4006,1
2151,0,14.3492,1742,3609,1
1865,0,14.3553,1492,3363,1
1912,0,14.3522,1477,3574,1
1598,0,14.3553,1210,3174,1
1709,0,14.3461,1293,3463,1
1429,0,14.2045,1077,3494,1
1273,0,14.2106,967,3256,1
1143,0,14.2045,864,2898,1
1180,0,14.2014,923,2999,1
1461,0,14.1883,1183,2483,1
1311,0,14.1745,1089,2704,1
1418,0,14.1805,1185,2440,1
1204,0,14.151,1015,2034,1
1270,0,14.1541,1065,2143,1
1310,0,14.2097,1128,1852,1
776,0,14.3892,618,1555,1
1025,0,14.173,832,1622,1
588,0,14.0714,454,1909,1
623,0,14.1104,471,1925,1
673,2,0,641,642,0
568,2,0,541,542,0
493,2,0,469,470,0
419,2,0,413,414,0
376,2,0,369,370,0
341,2,0,335,336,0
315,2,0,305,306,0
287,2,0,281,282,0
265,2,0,259,260,0
243,2,0,241,242,0
599605,1,19.2419,300000,303437,0
614356,1,19.3278,300000,306099,0
584002,0,19.5908,280512,290442,1
541086,0,19.8592,259558,270152,1
506610,0,19.8592,242326,253211,1
478890,0,19.8592,226937,238072,1
4936,0,14.2941,2001,15058,1
2696,0,14.291,2239,13503,1
2625,0,14.2784,2202,11944,1
2744,0,14.2689,2331,10337,1
2552,0,14.2658,2173,9065,1
2548,0,14.0909,2165,8718,1
1969,0,14.0931,1686,7245,1
1640,0,14.0976,1388,5900,1
1746,0,14.1173,1493,5117,1
2319,0,14.398,1965,4261,1
1815,0,14.398,1560,3784,1
3388,0,14.5851,2937,4155,1
2989,0,14.5851,2565,4132,1
1810,0,14.5364,1508,2997,1
1643,0,14.3949,1356,3133,1
1482,0,14.3949,1199,2903,1
1797,0,14.4517,1439,3345,1
1617,0,14.3958,1264,3206,1
1566,0,14.3949,1217,3152,1
1673,0,14.572,1255,3585,1
996,0,14.2534,727,2947,1
1066,0,14.2503,805,2987,1
1040,0,14.2503,787,2889,1
936,0,14.3223,727,2715,1
1016,0,14.3128,797,2843,1
1116,0,14.3015,929,2647,1
956,0,14.1831,816,1988,1
834,0,14.2287,713,2017,1
1464,0,14.4458,1234,2281,1
949,0,14.2424,808,1638,1
983,0,14.2419,809,1759,1
745,0,14.2336,597,1569,1
573,0,14.3442,433,1674,1
614,0,14.3389,457,1494,1
674,2,0,641,642,0
568,2,0,541,542,0
498,2,0,469,470,0
431,2,0,413,414,0
388,2,0,369,370,0
348,2,0,335,336,0
322,2,0,305,306,0
292,2,0,281,282,0
270,2,0,259,260,0
247,2,0,241,242,0
560215,1,19.1511,290491,298141,0.98
519876,0,19.1785,264480,290790,1
486644,0,19.1785,242771,269330,1
447819,0,19.1785,223054,247382,1
416303,0,19.1785,207742,233446,1
392692,0,19.1785,195861,219232,1
4179,0,13.8149,1651,12992,1
1992,0,14.1959,1619,11548,1
2034,0,14.1863,1664,10344,1
2122,0,13.7892,1739,9204,1
2112,0,13.786,1765,8283,1
2241,0,14.1735,1873,8615,1
2319,0,13.8215,1960,8058,1
2178,0,14.1574,1847,7548,1
2045,0,13.8907,1739,6989,1
3317,0,14.2334,2815,5814,1
3313,0,14.2778,2825,4907,1
3221,0,14.3549,2739,4142,1
3501,0,14.42,3006,3802,1
3006,0,14.687,2507,4452,1
2301,0,14.5522,1914,4048,1
2139,0,14.1712,1730,3911,1
1973,0,14.5618,1581,3770,1
1751,0,14.5586,1359,3485,1
1475,0,14.1821,1125,3757,1
1498,0,14.5651,1133,3633,1
1619,0,14.5618,1231,3509,1
1214,0,14.4151,901,3533,1
1007,0,14.0428,735,3521,1
1049,0,14.0364,779,3333,1
1108,0,14.3562,844,3018,1
1047,0,14.4087,796,3064,1
1028,0,14.0622,828,2569,1
911,0,14.0759,740,1981,1
773,0,14.1363,640,1800,1
833,0,14.1736,695,1752,1
1045,0,14.1521,856,1686,1
998,0,14.162,828,1607,1
936,0,14.0156,757,1512,1
522,0,14.2139,388,1463,1
672,2,0,641,642,0
570,2,0,541,542,0
493,2,0,469,470,0
420,2,0,413,414,0
377,2,0,369,370,0
341,2,0,335,336,0
315,2,0,305,306,0
287,2,0,281,282,0
265,2,0,259,260,0
242,2,0,241,242,0
504796,1,18.0057,300000,233158,0
542932,1,18.9731,300000,250939,0
531849,0,19.5714,283296,255542,1
488719,0,19.5714,258609,236361,1
456142,0,19.5714,238959,221469,1
428864,0,19.5714,223118,208951,1
401293,0,19.5714,208472,197266,1
4093,0,14.0815,1722,12882,1
2262,0,14.0749,1902,11518,1
2384,0,14.0749,2021,10361,1
2350,0,14.0651,2000,8800,1
2478,0,14.0684,2136,8012,1
2642,0,14.0618,2285,7315,1
2513,0,14.0553,2189,7422,1
2449,0,14.0487,2139,6843,1
2389,0,14.0422,2095,6949,1
3091,0,14.3141,2654,4881,1
3560,0,14.4484,3048,4129,1
4097,0,14.5892,3522,3937,1
3565,0,14.5859,3053,3612,1
3352,0,14.5827,2823,4436,1
2312,0,14.4385,1908,3454,1
2011,0,14.4549,1628,3516,1
2163,0,14.4451,1724,3583,1
1851,0,14.4549,1464,3486,1
1571,0,14.4615,1212,3122,1
1716,0,14.468,1304,3537,1
1309,0,14.3206,978,3277,1
1204,0,14.3239,903,3060,1
1166,0,14.3206,882,3010,1
1235,0,14.3108,959,2988,1
1246,0,14.3173,952,3063,1
1222,0,14.3173,943,3022,1
1332,0,14.3042,1033,2843,1
1240,0,14.2365,1030,2370,1
1135,0,14.2218,918,2307,1
1044,0,14.2775,865,1986,1
908,0,14.2602,742,1949,1
851,0,14.2578,696,1436,1
825,0,14.198,685,1335,1
677,2,0,641,642,0
572,2,0,541,542,0
490,2,0,469,470,0
423,2,0,413,414,0
384,2,0,369,370,0
349,2,0,335,336,0
322,2,0,305,306,0
287,2,0,281,282,0
269,2,0,259,260,0
246,2,0,241,242,0
234,2,0,227,228,0
566724,1,19.5764,298560,288263,0.64
532018,0,19.6791,273110,269440,1
492791,0,19.6791,250596,249105,1
464157,0,19.9643,234057,234309,1
433360,0,19.9643,218941,220635,1
405834,0,19.9643,204943,207622,1
3797,0,14.3608,1382,9259,1
1752,0,14.3575,1435,8257,1
1990,0,14.3541,1652,7967,1
2052,0,14.3474,1709,7844,1
2110,0,14.3441,1779,6701,1
2199,0,14.3441,1871,6681,1
2237,0,14.2552,1901,5516,1
1761,0,14.1687,1505,5505,1
1592,0,14.1653,1343,5034,1
1505,0,14.1829,1260,3670,1
2036,0,14.4746,1703,3385,1
1532,0,14.4907,1274,2884,1
2615,0,14.6724,2183,2843,1
2299,0,14.6667,1919,2658,1
1973,0,14.5244,1648,2535,1
1384,0,14.5112,1135,2894,1
1705,0,14.6733,1341,2967,1
1151,0,14.4836,888,2762,1
1295,0,14.4836,980,3128,1
1442,0,14.735,1086,3069,1
957,0,14.4027,700,2826,1
1004,0,14.5923,719,2908,1
953,0,14.3433,681,2898,1
878,0,14.3376,630,2786,1
844,0,14.3414,612,2770,1
817,0,14.5239,606,2671,1
729,0,14.3414,551,2553,1
722,0,14.3054,570,2211,1
642,0,14.2594,523,1985,1
652,0,14.2444,530,1701,1
726,0,14.3648,600,1476,1
709,0,14.3646,579,1443,1
813,0,14.5279,672,1119,1
661,2,0,641,642,0
563,2,0,541,542,0
489,2,0,469,470,0
422,2,0,413,414,0
376,2,0,369,370,0
340,2,0,335,336,0
314,2,0,305,306,0
291,2,0,281,282,0
268,2,0,259,260,0
247,2,0,241,242,0
236,2,0,227,228,0
543111,0,19.4847,290043,286963,1
426239,0,19.1939,225177,244053,1
478200,0,19.7755,243632,246018,1
452061,0,19.7755,227905,231450,1
421907,0,19.7755,212721,217671,1
398426,0,19.7755,200182,206008,1
3908,0,14.2423,1482,14875,1
1523,0,14.2321,1189,9830,1
1521,0,13.814,1198,8816,1
1703,0,13.814,1335,7388,1
1747,0,14.2219,1384,6395,1
1756,0,13.8038,1390,5444,1
1723,0,14.2049,1385,5024,1
1682,0,14.2015,1363,4704,1
1648,0,14.198,1342,4831,1
1612,0,13.78,1310,5017,1
2414,0,14.4638,1946,4238,1
2387,0,14.1956,1933,3657,1
2328,0,14.6069,1907,3461,1
2763,0,14.7534,2281,3312,1
1867,0,14.182,1515,2946,1
1665,0,14.6001,1320,2763,1
1603,0,14.5967,1229,2959,1
1665,0,14.2024,1269,3121,1
1483,0,14.6171,1114,3053,1
1242,0,14.6171,926,2979,1
1219,0,14.6205,883,3025,1
925,0,14.0744,662,3252,1
960,0,14.474,674,3182,1
989,0,14.4774,704,2973,1
960,0,14.4706,693,2921,1
834,0,14.4706,597,2677,1
732,0,14.0628,524,2609,1
767,0,14.4672,558,2361,1
859,0,14.4131,674,2267,1
833,0,14.2098,647,2075,1
724,0,14.1837,581,1698,1
654,0,14.2177,513,1548,1
578,0,14.1055,456,1495,1
664,2,0,641,642,0
560,2,0,541,542,0
495,2,0,469,470,0
429,2,0,413,414,0
384,2,0,369,370,0
341,2,0,335,336,0
314,2,0,305,306,0
287,2,0,281,282,0
264,2,0,259,260,0
242,2,0,241,242,0
233,2,0,227,228,0
454147,0,19.5643,248681,268683,1
430936,0,19.5643,226393,245517,1
403924,0,19.5643,207260,214518,1
376334,0,19.5643,192628,200556,1
352494,0,19.5643,180699,189059,1
327785,0,19.5643,169703,178403,1
288224,0,19.5643,159539,168282,1
3167,0,14.091,1339,10817,1
1682,0,14.0841,1371,6621,1
1763,0,14.0806,1450,5889,1
2021,0,14.0771,1680,5753,1
1947,0,14.0702,1624,5704,1
1955,0,14.0667,1627,4821,1
1886,0,14.0633,1587,4845,1
1889,0,14.0528,1593,4921,1
1903,0,14.0424,1626,5092,1
1714,0,14.164,1424,3993,1
2212,0,14.3133,1837,3907,1
2549,0,14.4661,2094,3697,1
2485,0,14.4661,2066,3595,1
2753,0,14.6154,2272,3249,1
1931,0,14.4557,1575,2962,1
1855,0,14.4592,1465,2843,1
1675,0,14.4557,1308,2790,1
1521,0,14.4661,1179,2999,1
1209,0,14.4765,900,2943,1
1273,0,14.4731,939,2935,1
869,0,14.3272,628,2829,1
919,0,14.3237,660,2918,1
965,0,14.3168,680,2812,1
934,0,14.3202,659,2663,1
826,0,14.3202,587,2773,1
717,0,14.3272,513,2650,1
715,0,14.3202,522,2491,1
759,0,14.3098,562,2524,1
858,0,14.2923,655,2026,1
812,0,14.2754,624,2012,1
797,0,14.2247,643,1795,1
804,0,14.225,646,1852,1
663,2,0,641,642,0
561,2,0,541,542,0
496,2,0,469,470,0
429,2,0,413,414,0
383,2,0,369,370,0
347,2,0,335,336,0
320,2,0,305,306,0
289,2,0,281,282,0
269,2,0,259,260,0
246,2,0,241,242,0
235,2,0,227,228,0
216,2,0,213,214,0
464620,0,19.9347,254647,244713,1
432037,0,19.9347,231379,225137,1
407218,0,19.6326,215310,210497,1
382435,0,19.9347,202233,198808,1
356065,0,19.9347,188846,187193,1
333642,0,19.9347,178820,177444,1
3542,0,14.3543,1472,9334,1
1727,0,14.3507,1429,8330,1
1834,0,14.3507,1520,6709,1
1937,0,14.3472,1612,6519,1
1942,0,14.3366,1641,5910,1
1946,0,14.326,1652,4831,1
2045,0,14.326,1753,4837,1
2043,0,14.3153,1750,4978,1
1965,0,14.3047,1696,4641,1
1639,0,14.2166,1400,3854,1
2743,0,14.5843,2314,4110,1
2543,0,14.5737,2150,3906,1
2657,0,14.74,2251,3459,1
2550,0,14.7364,2176,3330,1
2218,0,14.7329,1896,2834,1
2143,0,14.7294,1777,2681,1
1909,0,14.7329,1553,2556,1
1684,0,14.7364,1358,2496,1
1769,0,14.7329,1408,2644,1
1364,0,14.7435,1048,2683,1
1196,0,14.7435,912,2723,1
994,0,14.5914,745,2450,1
899,0,14.3835,663,2605,1
1023,0,14.5843,760,2532,1
871,0,14.5214,644,2417,1
863,0,14.5878,637,2465,1
818,0,14.5878,612,2171,1
828,0,14.5701,630,2001,1
887,0,14.5772,674,2193,1
743,0,14.3377,594,2036,1
1006,0,14.4902,825,2024,1
912,0,14.4962,756,1781,1
668,2,0,641,642,0
569,2,0,541,542,0
495,2,0,469,470,0
423,2,0,413,414,0
381,2,0,369,370,0
346,2,0,335,336,0
319,2,0,305,306,0
292,2,0,281,282,0
269,2,0,259,260,0
245,2,0,241,242,0
233,2,0,227,228,0
212,2,0,213,214,0
432537,0,19.3821,238431,237249,1
408480,0,19.3821,218278,219500,1
386503,0,19.3821,202991,205478,1
361328,0,19.6898,190043,193541,1
341192,0,19.6898,179364,183419,1
299964,0,19.6898,167813,172464,1
286398,0,19.6898,159543,164669,1
2726,0,14.1787,1084,8889,1
1675,0,14.1787,1390,8176,1
1810,0,14.1787,1499,7351,1
1817,0,14.1643,1516,6487,1
1905,0,14.1643,1602,5887,1
1893,0,14.1571,1622,4702,1
1787,0,14.1463,1534,4313,1
1679,0,14.1354,1440,4420,1
1778,0,14.1318,1525,4568,1
1759,0,14.121,1501,4616,1
2258,0,14.2063,1913,3489,1
2433,0,14.5752,2023,3348,1
2329,0,14.5752,1936,3103,1
2285,0,14.366,1912,3054,1
2045,0,14.3993,1671,2796,1
1911,0,14.568,1543,2699,1
1637,0,14.5644,1309,2470,1
1435,0,14.5716,1137,2211,1
1309,0,14.5752,1005,2213,1
1345,0,14.5716,1022,2214,1
965,0,14.4454,752,1950,1
1035,0,14.4382,783,2285,1
1006,0,14.4382,752,2243,1
941,0,14.4382,681,2145,1
826,0,14.4357,597,2390,1
816,0,14.4249,609,2206,1
882,0,14.4382,669,2142,1
914,0,14.4285,688,1901,1
793,0,14.1997,601,2310,1
725,0,14.1643,569,1803,1
729,0,14.078,575,1933,1
677,2,0,641,642,0
570,2,0,541,542,0
496,2,0,469,470,0
421,2,0,413,414,0
377,2,0,369,370,0
340,2,0,335,336,0
313,2,0,305,306,0
287,2,0,281,282,0
264,2,0,259,260,0
242,2,0,241,242,0
231,2,0,227,228,0
212,2,0,213,214,0
368933,0,19.4224,204712,222954,1
348036,0,19.4224,186215,205388,1
327982,0,19.4224,172218,191496,1
284207,0,19.4224,161114,180410,1
265332,0,19.4224,151096,169636,1
248021,0,19.4224,142115,149675,1
234705,0,19.4224,135179,142887,1
2358,0,13.9943,1015,6847,1
1403,0,13.9943,1122,6091,1
1578,0,13.987,1276,5518,1
1606,0,13.9833,1326,4524,1
1560,0,13.9796,1285,4110,1
1644,0,13.976,1352,4232,1
1628,0,13.965,1347,4343,1
1524,0,13.9503,1270,4438,1
1634,0,13.9503,1351,4574,1
1517,0,13.9319,1257,4691,1
1574,0,14.0714,1295,3540,1
1976,0,14.2292,1632,3430,1
2569,0,14.398,2141,3292,1
2492,0,14.3907,2125,3181,1
2174,0,14.3907,1795,2898,1
1783,0,14.387,1456,2433,1
1669,0,14.3834,1336,2366,1
1373,0,14.387,1070,2207,1
1480,0,14.3907,1149,2330,1
1272,0,14.3834,969,2202,1
1102,0,14.398,833,2340,1
907,0,14.2255,662,2376,1
875,0,14.2292,627,2289,1
816,0,14.2512,587,2350,1
738,0,14.2512,519,2208,1
745,0,14.2402,520,2377,1
792,0,14.2366,560,2288,1
759,0,14.2439,553,2065,1
780,0,14.2366,568,2054,1
849,0,14.2329,633,2342,1
682,0,14.2155,528,2042,1
663,2,0,641,642,0
567,2,0,541,542,0
496,2,0,469,470,0
429,2,0,413,414,0
382,2,0,369,370,0
347,2,0,335,336,0
316,2,0,305,306,0
286,2,0,281,282,0
267,2,0,259,260,0
247,2,0,241,242,0
236,2,0,227,228,0
216,2,0,213,214,0
404430,0,19.7704,247608,228561,1
379385,0,19.7704,218604,199781,1
355414,0,19.7704,200165,185432,1
323187,0,19.7704,185644,174137,1
294881,0,19.7704,174144,164979,1
271673,0,19.7704,161503,154426,1
259783,0,19.7704,154161,148637,1
241380,0,19.7704,144464,140103,1
2355,0,14.2376,1053,7403,1
1470,0,14.2376,1217,5963,1
1754,0,14.2338,1464,5983,1
1810,0,14.2264,1538,5351,1
1896,0,14.2226,1614,4437,1
1782,0,14.2152,1523,4363,1
1760,0,14.2039,1513,4441,1
1855,0,14.1965,1596,4575,1
1609,0,14.1853,1364,4259,1
1681,0,14.1815,1437,4332,1
2136,0,14.4879,1765,3633,1
2220,0,14.4804,1815,3467,1
2729,0,14.6485,2297,3244,1
2186,0,14.641,1830,2917,1
2215,0,14.641,1866,2781,1
2010,0,14.6373,1668,2678,1
1867,0,14.6336,1521,2544,1
1545,0,14.6448,1215,2347,1
1288,0,14.641,1001,2177,1
1356,0,14.6485,1044,2208,1
908,0,14.4767,672,2276,1
916,0,14.4804,674,2115,1
835,0,14.4841,603,2326,1
794,0,14.4879,564,2195,1
882,0,14.4879,638,2330,1
856,0,14.4841,619,2109,1
847,0,14.4841,622,2254,1
786,0,14.4841,569,2053,1
716,0,14.4841,519,1957,1
696,0,14.4916,512,2005,1
663,2,0,641,642,0
559,2,0,541,542,0
490,2,0,469,470,0
420,2,0,413,414,0
376,2,0,369,370,0
340,2,0,335,336,0
314,2,0,305,306,0
291,2,0,281,282,0
268,2,0,259,260,0
246,2,0,241,242,0
235,2,0,227,228,0
215,2,0,213,214,0
203,2,0,201,202,0
344506,0,19.1449,199186,191723,1
326061,0,19.1449,182545,178114,1
288848,0,19.1449,170239,167738,1
271424,0,19.4694,158371,157590,1
253207,0,19.4694,149034,149305,1
235997,0,19.4694,140249,141528,1
221513,0,19.4694,133256,135238,1
2289,0,14.0292,965,7738,1
1468,0,14.0292,1207,7118,1
1557,0,14.0254,1304,6436,1
1693,0,14.0216,1416,5752,1
1794,0,14.0178,1510,5277,1
1805,0,14.0064,1526,4256,1
1789,0,13.9988,1535,4299,1
1656,0,13.9874,1420,3931,1
1579,0,13.9798,1344,4067,1
1475,0,13.8765,1264,4021,1
1381,0,13.8846,1160,3023,1
1944,0,14.1936,1629,3442,1
1376,0,14.1581,1138,2187,1
2114,0,14.4306,1774,2810,1
1807,0,14.2192,1559,2139,1
1748,0,14.4436,1466,2355,1
1587,0,14.2051,1283,2160,1
1519,0,14.4257,1202,2084,1
1520,0,14.4474,1209,2151,1
1312,0,14.4512,1024,1972,1
853,0,14.2802,648,1931,1
863,0,14.2802,647,1911,1
831,0,14.2725,611,1774,1
761,0,14.2764,557,2075,1
819,0,14.2725,600,1948,1
702,0,13.9908,509,1999,1
728,0,13.9859,528,1867,1
710,0,14.1974,520,1702,1
652,0,14.1974,478,1848,1
572,0,13.9794,425,1700,1
673,2,0,641,642,0
567,2,0,541,542,0
489,2,0,469,470,0
423,2,0,413,414,0
378,2,0,369,370,0
340,2,0,335,336,0
315,2,0,305,306,0
286,2,0,281,282,0
268,2,0,259,260,0
242,2,0,241,242,0
235,2,0,227,228,0
216,2,0,213,214,0
204,2,0,201,202,0
350762,0,19.476,196985,201278,1
332302,0,19.476,181599,187218,1
312946,0,19.476,170633,177165,1
277832,0,19.8061,159536,166528,1
260267,0,19.8061,149941,157092,1
246625,0,19.8061,142748,150122,1
233113,0,19.8061,135387,143009,1
217247,0,19.8061,128342,136033,1
2364,0,14.2758,1122,7820,1
1424,0,14.2642,1151,7192,1
1482,0,14.2642,1218,6372,1
1577,0,14.2642,1303,5839,1
1565,0,14.2487,1288,5100,1
1402,0,14.2371,1154,4632,1
1366,0,14.2294,1122,4724,1
1282,0,14.2062,1063,4080,1
1324,0,14.2023,1115,4191,1
1291,0,14.2023,1074,4271,1
1304,0,14.3415,1083,2978,1
1666,0,14.5155,1342,3086,1
2304,0,14.6896,1942,2935,1
2353,0,14.6896,2013,2895,1
1976,0,14.6857,1692,2585,1
1748,0,14.6818,1454,2289,1
1771,0,14.6741,1466,2341,1
1622,0,14.6741,1319,2190,1
1398,0,14.678,1115,1947,1
1453,0,14.6896,1137,2123,1
810,0,14.5155,590,1784,1
734,0,14.5233,533,1953,1
692,0,14.5233,498,1819,1
770,0,14.5194,549,1746,1
750,0,14.5117,527,1776,1
767,0,14.5078,546,1844,1
717,0,14.5117,516,1849,1
640,0,14.5117,454,1683,1
597,0,14.5078,422,1560,1
668,2,0,641,642,0
563,2,0,541,542,0
490,2,0,469,470,0
425,2,0,413,414,0
378,2,0,369,370,0
342,2,0,335,336,0
317,2,0,305,306,0
293,2,0,281,282,0
267,2,0,259,260,0
243,2,0,241,242,0
231,2,0,227,228,0
214,2,0,213,214,0
201,2,0,201,202,0
280750,0,19.4714,170990,185005,1
259483,0,19.4714,156523,171162,1
242396,0,19.4714,145568,160986,1
229239,0,19.4714,136670,151960,1
213242,0,19.4714,128305,143308,1
201889,0,19.4714,120700,136048,1
187713,0,19.4714,115133,128971,1
176601,0,19.4714,109101,116563,1
2073,0,14.0398,1050,5856,1
1206,0,14.0358,959,5285,1
1238,0,14.0319,990,4693,1
1311,0,14.0319,1047,4028,1
1340,0,14.024,1072,4066,1
1225,0,14.0083,991,3933,1
1215,0,13.9965,997,4001,1
1254,0,13.9847,1012,4087,1
1109,0,13.9729,900,4211,1
1103,0,13.969,893,3863,1
1051,0,13.9611,864,3926,1
1655,0,14.2836,1337,3237,1
1713,0,14.2836,1382,3110,1
1997,0,14.4685,1639,2998,1
1845,0,14.4527,1532,2974,1
1718,0,14.4567,1402,2626,1
1425,0,14.4488,1131,2271,1
1288,0,14.4488,1000,2115,1
1169,0,14.4488,901,1959,1
1218,0,14.4527,937,2116,1
779,0,14.2875,567,1865,1
796,0,14.2915,583,1870,1
649,0,14.2915,462,2001,1
695,0,14.2836,487,1972,1
746,0,14.2836,522,1968,1
749,0,14.2836,522,1869,1
664,0,14.2797,462,1844,1
588,0,14.2797,402,1990,1
558,0,14.2797,381,1859,1
663,2,0,641,642,0
559,2,0,541,542,0
489,2,0,469,470,0
420,2,0,413,414,0
375,2,0,369,370,0
339,2,0,335,336,0
314,2,0,305,306,0
287,2,0,281,282,0
264,2,0,259,260,0
242,2,0,241,242,0
231,2,0,227,228,0
212,2,0,213,214,0
199,2,0,201,202,0
187,2,0,189,190,0
276708,0,19.7969,173545,175056,1
260367,0,19.7969,160735,156716,1
245092,0,19.7969,150905,147930,1
232750,0,19.7969,141567,139485,1
216247,0,19.7969,133525,132226,1
202668,0,19.7969,126146,125332,1
191499,0,19.7969,119655,119316,1
2206,0,14.2705,1111,7063,1
1174,0,14.2665,927,6414,1
1388,0,14.2665,1145,5808,1
1453,0,14.2625,1191,5206,1
1311,0,14.2505,1085,4806,1
1324,0,14.2385,1097,4048,1
1362,0,14.2305,1141,4061,1
1405,0,14.2185,1172,4129,1
1275,0,14.2065,1075,4237,1
1243,0,14.2025,1044,3899,1
1217,0,14.1905,1012,3986,1
1401,0,14.3465,1158,3313,1
1791,0,14.5224,1449,3303,1
1700,0,14.5144,1407,3224,1
2030,0,14.7024,1706,2766,1
1924,0,14.6944,1616,2636,1
1729,0,14.6904,1426,2389,1
1813,0,14.6904,1502,2402,1
1582,0,14.6904,1287,2273,1
1366,0,14.6944,1091,1980,1
1134,0,14.6904,879,1694,1
845,0,14.5144,628,1855,1
651,0,14.5144,481,1600,1
739,0,14.5144,538,1731,1
772,0,14.5144,556,1787,1
790,0,14.5144,568,1825,1
763,0,14.5224,542,1797,1
649,0,14.5184,454,1680,1
594,0,14.5184,410,1835,1
663,2,0,641,642,0
559,2,0,541,542,0
486,2,0,469,470,0
425,2,0,413,414,0
376,2,0,369,370,0
340,2,0,335,336,0
314,2,0,305,306,0
288,2,0,281,282,0
264,2,0,259,260,0
242,2,0,241,242,0
231,2,0,227,228,0
212,2,0,213,214,0
200,2,0,201,202,0
186,2,0,189,190,0
258776,0,19.4286,166952,159561,1
245354,0,19.4286,154581,149367,1
232408,0,19.4286,144361,140515,1
216232,0,19.4286,135124,132349,1
201072,0,19.4286,127708,125600,1
190830,0,19.4286,120681,119419,1
179245,0,19.4286,114457,113643,1
170996,0,19.4286,109864,109643,1
1660,0,14.0063,814,6597,1
1108,0,14.0063,875,6029,1
1146,0,14.0023,929,5471,1
1148,0,13.9901,921,5008,1
1109,0,13.9738,902,4141,1
1158,0,13.9657,935,3862,1
1025,0,13.9576,826,3545,1
1102,0,13.9576,895,3609,1
1095,0,13.9494,903,3675,1
1072,0,13.9413,881,3781,1
1063,0,13.9291,889,3834,1
1163,0,14.0836,941,3152,1
1320,0,14.2543,1073,2772,1
1650,0,14.4494,1346,2590,1
1615,0,14.4494,1334,2490,1
1584,0,14.4453,1304,2453,1
1457,0,14.4413,1172,2310,1
1238,0,14.4453,994,1966,1
1126,0,14.4453,865,1840,1
1134,0,14.4453,877,1916,1
770,0,14.2787,576,1659,1
821,0,14.2705,614,1749,1
658,0,14.2746,488,1528,1
715,0,14.2787,526,1647,1
769,0,14.2746,568,1680,1
733,0,14.2827,534,1598,1
671,0,14.2827,475,1534,1
572,0,14.2827,403,1587,1
661,2,0,641,642,0
557,2,0,541,542,0
489,2,0,469,470,0
427,2,0,413,414,0
383,2,0,369,370,0
341,2,0,335,336,0
314,2,0,305,306,0
286,2,0,281,282,0
264,2,0,259,260,0
241,2,0,241,242,0
231,2,0,227,228,0
212,2,0,213,214,0
199,2,0,201,202,0
187,2,0,189,190,0
266898,0,19.3903,173525,166382,1
253823,0,19.3903,160578,155365,1
241270,0,19.3903,150210,146149,1
229271,0,19.7429,141621,138135,1
215577,0,19.7429,134037,131365,1
203382,0,19.7429,126795,124677,1
189943,0,19.7429,120766,119164,1
180952,0,19.7429,115264,114262,1
1838,0,14.237,835,7099,1
1045,0,14.2247,809,6550,1
1014,0,14.2164,801,6003,1
1010,0,14.204,794,5431,1
1006,0,14.1916,800,5013,1
977,0,14.1875,775,4495,1
929,0,14.1834,738,3796,1
982,0,14.1792,786,3888,1
882,0,14.1668,703,3694,1
927,0,14.1586,740,3789,1
873,0,14.1544,701,3849,1
929,0,14.1503,741,3861,1
1249,0,14.489,990,2742,1
1168,0,14.489,938,2650,1
1459,0,14.6707,1179,3016,1
1499,0,14.6749,1204,3097,1
1317,0,14.6707,1059,2670,1
1191,0,14.6707,944,2030,1
1231,0,14.6625,942,2029,1
1087,0,14.6749,821,1816,1
679,0,14.4931,495,1625,1
743,0,14.4931,541,1740,1
605,0,14.5014,434,1573,1
628,0,14.4973,445,1597,1
659,0,14.4973,465,1595,1
654,0,14.5097,454,1692,1
630,0,14.4973,425,1578,1
560,0,14.4973,372,1566,1
669,2,0,641,642,0
563,2,0,541,542,0
492,2,0,469,470,0
424,2,0,413,414,0
378,2,0,369,370,0
343,2,0,335,336,0
316,2,0,305,306,0
289,2,0,281,282,0
267,2,0,259,260,0
244,2,0,241,242,0
233,2,0,227,228,0
217,2,0,213,214,0
204,2,0,201,202,0
191,2,0,189,190,0
182,2,0,179,180,0
212271,0,19.3408,142507,142457,1
202332,0,19.3408,131572,133640,1
239973,0,19.699,148936,143475,1
227908,0,19.699,140957,136710,1
164760,0,19.3408,108513,113508,1
154223,0,19.3408,102317,107846,1
193998,0,19.699,122066,120222,1
137875,0,19.3408,92237,98776,1
11513,0,14.1727,8982,13718,1
1086,0,13.9362,864,6648,1
8995,0,14.1475,7410,11232,1
1000,0,13.9068,802,5447,1
7674,0,14.1391,6381,10549,1
985,0,13.8942,787,5141,1
6577,0,14.1349,5500,8869,1
6306,0,14.1349,5235,8374,1
996,0,13.8858,799,3775,1
5190,0,14.1265,4376,7366,1
4649,0,14.1265,3889,6793,1
954,0,14.0369,754,2884,1
4438,0,14.4664,3773,4922,1
5107,0,14.6175,4426,4417,1
4521,0,14.6972,3889,4688,1
1635,0,14.3978,1357,3123,1
3568,0,14.6972,3057,3779,1
3757,0,14.6888,3199,3887,1
3641,0,14.6846,3059,3886,1
3569,0,14.6888,2978,3637,1
729,0,14.2131,538,1666,1
3461,0,14.6175,2904,2749,1
3285,0,14.6175,2709,2711,1
3580,0,14.6175,2970,3334,1
3146,0,14.5839,2559,3197,1
3012,0,14.5755,2418,3086,1
573,0,14.2215,384,1642,1
660,2,0,641,642,0
559,2,0,541,542,0
486,2,0,469,470,0
420,2,0,413,414,0
376,2,0,369,370,0
339,2,0,335,336,0
318,2,0,305,306,0
291,2,0,281,282,0
269,2,0,259,260,0
246,2,0,241,242,0
236,2,0,227,228,0
216,2,0,213,214,0
203,2,0,201,202,0
190,2,0,189,190,0
181,2,0,179,180,0
224392,0,19.6439,155491,144718,1
210527,0,19.6439,142570,135822,1
198544,0,19.6439,131787,127864,1
184434,0,19.6439,123640,121618,1
173302,0,19.6439,116389,115808,1
165441,0,19.6439,110070,104149,1
155532,0,19.6439,104170,99706,1
146791,0,19.6439,98767,95034,1
1825,0,14.1588,968,5697,1
1069,0,14.1588,843,5244,1
1001,0,14.1375,784,4823,1
977,0,14.1205,783,4374,1
1029,0,14.1205,828,3773,1
1084,0,14.1162,881,3612,1
1144,0,14.1162,935,3660,1
1122,0,14.1162,923,3742,1
1107,0,14.0992,908,3786,1
942,0,14.0949,781,3506,1
989,0,14.0906,809,3557,1
947,0,14.0778,785,3571,1
1006,0,14.2483,827,2877,1
1528,0,14.4358,1272,2880,1
1519,0,14.4316,1263,2720,1
1511,0,14.6319,1259,2804,1
1566,0,14.6276,1309,1927,1
1378,0,14.6276,1111,2534,1
1436,0,14.6191,1153,2650,1
1272,0,14.6234,1014,2007,1
784,0,14.4401,610,1699,1
851,0,14.4401,651,1786,1
674,0,14.4401,501,1736,1
710,0,14.4401,518,1706,1
679,0,14.4486,489,1743,1
627,0,14.4444,450,1794,1
593,0,14.4486,418,1611,1
661,2,0,641,642,0
559,2,0,541,542,0
487,2,0,469,470,0
427,2,0,413,414,0
377,2,0,369,370,0
340,2,0,335,336,0
319,2,0,305,306,0
291,2,0,281,282,0
268,2,0,259,260,0
244,2,0,241,242,0
232,2,0,227,228,0
216,2,0,213,214,0
199,2,0,201,202,0
187,2,0,189,190,0
178,2,0,179,180,0
219731,0,19.9469,140096,147213,1
204312,0,19.9469,129566,138098,1
192533,0,19.9469,120919,125357,1
180853,0,19.9469,114533,119502,1
169021,0,19.9469,107758,113067,1
158105,0,19.9469,102032,107523,1
153552,0,19.9469,98920,104159,1
144219,0,19.9469,92451,98220,1
135059,0,19.9469,89117,94671,1
1472,0,14.3816,765,5664,1
1055,0,14.3599,830,5211,1
1094,0,14.3556,884,4831,1
1138,0,14.3426,925,4272,1
1196,0,14.3383,983,3788,1
1128,0,14.3296,932,3741,1
1129,0,14.321,936,4073,1
999,0,14.3167,826,3437,1
1045,0,14.3167,876,3544,1
1049,0,14.3123,865,3880,1
1096,0,14.3037,915,3936,1
1105,0,14.4725,891,3128,1
1531,0,14.6586,1248,2930,1
1193,0,14.6542,963,2535,1
1532,0,14.8533,1227,2848,1
1437,0,14.849,1167,1988,1
1466,0,14.849,1186,2033,1
1310,0,14.8403,1032,2576,1
1119,0,14.836,884,2353,1
1224,0,14.8317,953,2627,1
831,0,14.6629,642,1786,1
827,0,14.6586,629,1802,1
675,0,14.6629,486,1549,1
710,0,14.6629,514,1670,1
631,0,14.6715,450,1503,1
584,0,14.6629,400,1484,1
669,2,0,641,642,0
563,2,0,541,542,0
500,2,0,469,470,0
432,2,0,413,414,0
384,2,0,369,370,0
347,2,0,335,336,0
321,2,0,305,306,0
292,2,0,281,282,0
271,2,0,259,260,0
248,2,0,241,242,0
237,2,0,227,228,0
218,2,0,213,214,0
204,2,0,201,202,0
190,2,0,189,190,0
183,2,0,179,180,0
189288,0,19.5,130987,138273,1
183859,0,19.5,119911,124643,1
174204,0,19.5,112353,117830,1
165461,0,19.5,105715,111440,1
153843,0,19.5,100252,106286,1
147326,0,19.5,94655,100803,1
141714,0,19.5,91223,97467,1
129669,0,19.5,85957,92256,1
124881,0,19.5,82379,88702,1
1286,0,14.061,651,5788,1
849,0,14.0522,639,5331,1
862,0,14.0434,665,5038,1
876,0,14.0302,682,4580,1
863,0,14.0258,680,4064,1
765,0,14.017,590,3771,1
756,0,14.0082,596,3498,1
745,0,14.0039,583,3676,1
796,0,14.0039,625,3577,1
759,0,13.9951,588,3653,1
812,0,13.9951,632,3814,1
771,0,13.9907,604,3882,1
988,0,14.1488,791,2590,1
1079,0,14.3421,851,2275,1
1118,0,14.3421,894,1962,1
1423,0,14.5398,1168,1823,1
1398,0,14.5398,1147,1619,1
1267,0,14.5355,1021,1696,1
1263,0,14.5267,1027,1571,1
1177,0,14.5135,919,1645,1
684,0,14.329,515,1569,1
699,0,14.329,530,1516,1
615,0,14.3685,443,1484,1
637,0,14.3685,451,1479,1
570,0,14.3729,397,1413,1
518,0,14.3641,362,1371,1
