104,3,1.7625,101,103,0
133,3,1.75204,101,103,0
250,3,4.01709,202,184,0
276,3,3.6505,204,138,0
409,3,6.37755,304,304,0
435,3,7.34693,302,304,0
379,3,4.19975,202,204,0
410,3,9.19287,202,201,0
2047,3,7.1273,4729,4790,0
2324,3,6.79082,9279,11130,0
3124,1,2.31684,15000,6733,0
5524,1,2.36939,15000,5058,0
7986,3,12.2248,9655,7168,0
7939,3,12.6857,7167,6187,0.752
5726,3,12.6964,5102,6122,0.764
3524,3,12.6102,13520,7099,0.752
5753,3,11.7066,9602,10719,0
5168,0,13.3806,4190,3439,0.1
5660,0,13.3658,2963,5135,0.064
6020,0,13.7015,2956,4131,0.88
6757,0,13.2421,1955,2500,0.9
5734,0,13.7143,1558,2307,0.86
5525,0,13.5811,1223,1696,0.828
5800,0,13.8857,919,2131,0.944
5423,0,13.6556,714,988,0.872
6014,0,13.6347,1838,2913,0.844
5602,0,13.7135,1191,1258,0.848
10475,0,13.7633,5210,4607,0.848
7230,0,13.4875,6215,5677,0.872
9591,0,13.4694,5790,8241,0.832
6988,0,13.8959,4077,4739,0.88
7750,0,13.6714,4573,4750,0.832
5852,0,13.7434,728,1507,0.956
7294,0,13.7959,2527,3660,0.832
5591,0,14.0064,1289,2221,0.948
6888,0,13.4786,1833,2892,0.824
8320,0,13.8372,1859,4079,0.928
6875,0,13.8122,1439,2362,0.868
6579,0,13.9645,1960,2876,0.888
6816,0,13.7041,1360,1802,0.872
6237,0,13.6209,1465,1700,0.968
7297,0,13.9408,842,1174,0.924
6244,0,13.3964,1042,1413,0.884
6956,0,13.476,746,1221,0.892
6215,0,13.7717,694,1335,0.948
6043,0,13.8367,499,1417,0.96
6355,0,13.8921,557,940,0.892
5880,0,13.6974,1451,2491,0.948
7547,0,13.7286,1085,1927,0.912
5513,0,13.75,720,1473,0.98
2773,3,2.525,101,103,0
2873,3,1.75204,101,103,0
2965,3,2.24158,101,103,0
3159,3,3.6505,204,138,0
3253,3,5.1977,201,166,0
3348,3,5.51019,202,153,0
3576,3,8.31633,299,303,0
3664,3,9.28573,301,303,0
7992,3,8.92194,8975,8273,0
7385,3,10.3827,8797,6127,0
5724,3,10.1209,6800,5021,0
5478,3,9.74082,2686,2568,0
5402,3,7.20766,4348,4955,0
6597,3,9.81632,6383,4686,0
7073,3,9.72321,3249,2790,0
7375,3,10.0541,2754,2637,0.264
9705,0,13.7778,2372,2619,0.568
9274,0,13.1908,3033,3901,0.948
7552,0,13.4656,1151,1896,0.92
8327,0,13.2832,2136,4187,0.972
7142,0,13.461,1563,2128,0.96
8221,3,12.9143,968,2579,0.704
7963,0,13.3429,639,1000,0.872
7572,0,13.6378,832,1361,0.972
8722,0,13.5268,705,1812,0.876
7862,0,13.7684,1260,1473,0.932
8895,0,13.298,589,836,0.932
8956,0,13.6199,7037,5574,0.924
12211,0,13.9321,3733,4401,0.96
10055,0,13.6225,4827,6033,0.9
8788,0,13.738,3014,3378,0.928
11739,0,13.6714,3298,2775,0.92
8096,0,13.4082,2102,4221,0.976
9809,0,13.7959,1822,3934,0.872
8748,0,13.6518,1082,2141,0.924
8715,0,13.8429,872,1656,0.956
7777,0,13.4633,1129,1868,0.984
9115,0,13.6204,1145,1909,0.944
9865,0,13.5712,1504,2952,0.952
8645,0,13.7041,1254,1816,0.94
9202,0,13.6209,1085,2491,0.976
8599,0,13.7296,730,1423,0.968
8087,0,13.6125,359,707,0.976
8245,0,13.9179,567,939,0.964
8156,0,13.7717,444,852,0.984
7919,0,13.6061,435,997,0.98
8791,0,13.8921,551,890,0.924
9625,0,13.6974,1233,2633,0.952
8412,0,13.7286,745,1566,0.976
8051,0,14,592,1460,0.992
5989,3,2.525,101,103,0
6167,3,3.50408,101,103,0
6261,3,2.24158,101,103,0
6338,3,2.73112,101,103,0
6531,3,5.1977,201,166,0
6618,3,5.51019,202,153,0
6717,3,8.31633,202,203,0
6801,3,9.19287,202,201,0
10934,3,9.4347,7016,6212,0
10897,3,7.35203,12270,6324,0
14943,3,10.8525,7442,7775,0
10604,3,11.5837,5409,4713,0
9010,0,12.6487,4666,2952,0.916
8805,3,12.5347,902,1329,0.852
9198,3,12.4554,740,1541,0.792
8673,3,8.94643,2166,2333,0
10284,3,11.3464,3419,2191,0.004
10633,3,12.6214,885,1513,0.064
10781,3,12.4681,858,1719,0.036
10304,0,13.1786,1001,1970,0.976
11300,0,13.6799,526,1132,0.932
11843,0,13.1429,1382,2177,0.972
10995,0,13.2237,725,1566,0.976
10522,0,13.7617,249,639,0.98
10562,0,13.1403,503,1658,0.98
10423,0,13.3674,379,616,0.948
10318,0,13.9906,225,560,0.972
13083,0,13.0464,4579,7807,0.968
10921,0,13.3393,2912,2875,0.98
12045,0,13.7755,2407,2763,0.936
11827,0,13.5801,1688,3462,0.944
12421,0,13.5087,2504,3033,0.936
11467,0,13.911,1300,2999,0.984
11819,0,13.451,1035,1866,0.984
11563,0,13.6518,1349,2150,0.948
12614,0,13.4786,1024,2382,0.968
11713,0,13.4633,971,2453,0.992
11257,0,13.6204,842,1542,0.964
12190,0,13.3745,1109,2851,0.932
12517,0,13.5025,776,1144,0.896
10856,0,13.6209,801,1174,0.984
11339,0,13.7296,859,2563,0.988
11555,0,13.6125,624,998,0.968
11754,0,13.9179,348,764,0.964
13392,0,13.3202,622,2616,0.988
10989,0,13.8367,331,723,0.988
11819,0,13.6566,331,644,0.968
12286,0,13.4571,966,2416,0.972
11536,0,13.7286,556,1168,0.992
11091,0,14,468,1310,0.992
9613,3,2.525,101,103,0
9711,3,3.50408,101,103,0
9806,3,4.48317,101,103,0
9880,3,2.73112,101,103,0
10395,3,3.22066,101,103,0
10319,3,5.51019,202,153,0
10543,3,8.31633,202,203,0
10561,3,9.19287,202,201,0
11812,3,7.12731,3130,3280,0
14479,3,9.65307,5494,5187,0
14619,3,11.4013,6887,4335,0
15943,3,10.5964,8232,3917,0
17361,3,12.4367,4184,5654,0.032
14072,3,13.0633,3361,3768,0.076
14102,0,13.5804,2294,3379,0.968
12191,0,12.8658,1060,2119,1
12250,0,12.6972,307,812,0.984
13002,0,13.4755,333,1051,0.928
12351,3,10.9719,930,1770,0
12602,0,12.3418,899,1505,0.744
13183,0,12.6949,453,875,0.892
13686,0,13.0286,169,588,0.988
14735,0,13.2237,356,1046,0.912
13168,0,13.2658,467,1170,0.996
13628,0,13.6556,283,695,0.984
14514,0,13.3674,617,1392,0.988
13603,0,13.4365,445,983,0.992
13996,0,13.3332,2398,2163,0.984
15858,0,13.4875,2430,4395,0.992
14197,0,13.3163,2265,3559,0.976
14173,0,13.4222,2374,2477,0.972
14618,0,13.8342,2951,2631,0.976
14612,0,13.0729,1050,3252,0.988
14907,0,13.2786,751,1307,0.968
14438,0,13.4745,913,1624,0.984
14843,0,13.4786,1295,3068,0.984
13934,0,13.2763,206,703,0.996
14418,0,13.8122,700,1431,0.98
14733,0,13.9646,753,1229,0.984
15089,0,13.5025,506,860,0.992
14051,0,13.6209,794,1074,0.992
14189,0,13.7296,589,962,0.996
14692,0,13.3964,524,1490,0.984
14846,0,13.6969,488,1343,0.984
14173,0,13.7717,342,756,0.996
14773,0,13.8367,338,1386,0.996
15526,0,13.6566,323,575,0.98
14545,0,13.6974,760,1613,0.992
14511,0,13.7286,554,1252,0.996
14359,0,13.75,629,1911,0.996
12312,2,0,1,2,0
13099,3,3.50408,101,103,0
13197,3,4.48317,101,103,0
13271,3,2.73112,101,103,0
13366,3,3.22066,101,103,0
13457,3,3.7102,101,103,0
13844,3,8.31633,202,203,0
13927,3,9.19287,202,201,0
14318,3,6.05052,1095,1627,0
14661,3,6.67857,1157,1912,0
15620,3,7.80408,4756,2773,0.052
17163,3,10.5306,9935,4465,0.556
18036,3,12.2954,4650,3091,0.632
19599,3,10.4204,6027,3194,0.008
21022,0,12.7768,3721,5239,0.992
16406,0,12.951,1600,2366,0.996
16305,0,13.3276,794,1381,0.992
18937,0,13.7602,937,2750,0.968
15733,0,12.8671,665,1621,1
15539,0,12.7602,247,706,0.992
15879,0,13.3515,343,816,0.992
16063,0,12,554,1635,0.988
16252,0,12.2707,627,1589,0.992
16097,0,12.398,197,652,0.996
16529,0,12.7538,103,442,0.988
17107,0,13.1,101,474,0.976
17462,0,13.1594,155,652,0.972
16911,0,13.1898,1991,2186,0.996
17680,0,13.6357,1122,1853,0.984
19610,0,13.9286,1228,2075,0.976
18514,0,13.1064,1365,2664,0.988
17731,0,13.1832,709,1607,0.996
18197,0,13.5758,805,1799,0.98
17014,0,13.451,870,2050,1
17704,0,13.2972,910,2243,0.988
17424,0,13.4786,890,1558,0.984
17269,0,13.8372,907,1642,0.992
17649,0,13.0449,407,1247,0.992
18338,0,13.1778,448,1139,0.992
17620,0,13.5025,481,858,0.992
17424,0,13.6209,600,918,0.996
17649,0,13.5184,599,1942,0.996
17927,0,13.3964,231,648,0.984
18693,0,13.476,356,807,0.988
18094,0,13.7717,258,715,0.996
18323,0,13.3755,142,461,0.992
18030,0,13.4212,225,577,0.996
17412,0,13.4571,268,755,0.996
18220,0,13.7286,194,671,0.996
17804,0,13.5,285,1255,1
15602,2,0,1,2,0
16654,3,3.50408,101,103,0
16668,3,4.48317,101,103,0
16779,3,5.46224,101,103,0
16832,3,3.22066,101,103,0
16874,3,3.7102,101,103,0
16971,3,4.19975,101,103,0
17328,3,9.19287,202,201,0
17566,3,5.33266,338,592,0
17753,3,6.28571,634,923,0
17847,3,7.07245,1619,1451,0
18323,3,7.76633,1280,1573,0.008
19102,3,8.69159,2690,2038,0.712
21162,3,11.6286,3512,3062,0.676
21059,0,13.0982,2693,2621,0.824
21792,0,13.8031,2130,1848,0.9
25364,3,12.5171,5284,5450,0.144
21065,0,12.9061,1858,2864,0.996
19537,0,13.1663,576,1488,1
19529,0,13.4923,352,1229,0.984
18968,0,12.8043,235,674,1
19014,0,12.8,299,1005,1
19036,0,12.8663,152,517,0.992
19072,0,13.3898,195,568,0.996
19870,0,13.7844,441,1199,0.984
19397,0,12.0306,245,802,0.996
19603,0,12.4668,176,574,0.992
19796,0,12.9031,1319,1694,0.996
19952,0,13.0429,967,1435,1
21218,0,13.1633,2294,2988,0.972
20302,0,12.9485,826,1546,0.988
20127,0,13.1832,746,1279,0.996
20439,0,13.4082,327,961,0.98
21492,0,13.7959,515,1158,0.98
20634,0,13.1199,594,1521,0.996
20426,0,13.1143,588,1530,0.992
19968,0,13.2763,376,961,1
20992,0,13.6204,490,1393,0.992
19990,0,13.1778,576,1271,1
19997,0,13.0995,442,909,0.996
20014,0,13.6209,456,899,0.992
20144,0,13.7296,657,933,0.992
20504,0,12.9643,305,1030,0.988
20688,0,13.0342,164,721,0.992
20031,0,13.0944,131,438,1
20170,0,13.6061,111,418,1
20445,0,13.6566,98,394,1
20734,0,13.6974,548,1712,0.996
20385,0,13.4834,401,1014,0.996
20454,0,13.5,363,901,0.996
18341,2,0,1,2,0
19400,3,3.50408,101,103,0
19505,3,4.48317,101,103,0
19587,3,5.46224,101,103,0
19685,3,6.44133,101,103,0
19778,3,3.7102,101,103,0
19877,3,4.19975,101,103,0
19945,3,4.68929,101,103,0
20546,3,5.43521,323,603,0
20634,3,5.78061,224,461,0
20757,3,6.40178,279,534,0
20966,3,7.50307,962,1050,0
21189,3,8.12628,727,1110,0
22395,3,9.58979,1163,1475,0.8
22640,3,10.0447,1406,1661,0.86
22831,3,13.1214,1609,2271,0.924
23750,0,13.2375,1972,1961,0.948
24776,3,13.2857,2235,1365,0.864
27130,0,13.5653,2694,4460,1
24635,0,12.9694,2231,3002,0.996
22213,0,13.0232,380,1135,1
22586,0,13.3714,408,1035,0.992
22734,0,13.7003,133,538,0.988
22351,0,12.8939,266,1120,1
22148,0,12.7538,277,820,1
22220,0,12.9663,92,430,1
22304,0,13.4365,138,427,0.984
22824,0,13.7633,373,1126,0.992
22469,0,12.0054,1078,1759,1
23019,0,12.398,1790,1671,0.992
22900,0,12.7906,750,1170,1
23131,0,13.1832,915,1283,1
23117,0,13.2406,1159,1937,0.996
23851,0,13.2786,656,1558,0.992
23257,0,13.1199,353,1064,0.996
23380,0,13.2964,365,987,0.996
23235,0,13.4633,224,761,0.996
23889,0,13.8122,236,721,0.992
23463,0,13.1778,333,974,1
23310,0,13.5025,320,940,1
23197,0,13.6209,273,855,1
23142,0,13.5184,212,709,1
23908,0,14.0446,333,936,0.996
23267,0,13.476,271,946,1
22951,0,13.3202,109,492,1
23112,0,13.6061,181,569,1
23412,0,13.8921,373,657,0.992
24240,0,13.9377,396,1036,0.988
23586,0,12.9931,498,1250,1
23596,0,13.25,552,1164,1
21467,2,0,1,2,0
21499,2,0,1,2,0
22498,3,4.48317,101,103,0
22584,3,5.46224,101,103,0
22682,3,6.44133,101,103,0
22762,3,7.4204,101,103,0
22861,3,4.19975,101,103,0
22928,3,4.68929,101,103,0
24052,3,9.07577,482,861,0
24107,3,5.94898,265,644,0
24106,3,6.21887,211,566,0
24208,3,6.8449,218,483,0
24239,3,7.7023,503,680,0
25144,3,8.53264,620,929,0
24759,3,9.16072,613,999,0.008
24716,3,10.9913,839,1254,0.928
25828,0,12.8773,1544,1768,0.948
26835,0,13.2857,791,1511,0.872
25931,0,13.1663,694,1215,0.996
26641,0,13.7015,886,1103,0.972
29271,0,13.5704,2592,4205,0.996
26869,0,12.8,1380,1920,1
26467,0,13.1046,822,1552,1
25432,0,13.1418,249,914,1
25789,0,13.6556,189,732,0.992
25362,0,13.3674,76,455,1
25507,0,12.7439,112,584,1
25497,0,12.7597,507,1453,1
25644,0,12.8946,360,941,1
25899,0,13.3163,305,931,0.988
26350,0,13.738,348,1058,0.992
25794,0,11.8811,477,1311,1
25911,0,12.4025,577,1285,1
26273,0,12.5888,623,1262,0.996
26260,0,12.9426,303,827,1
26425,0,13.1143,471,1003,1
26331,0,13.0893,825,1772,1
26693,0,13.2367,372,1036,0.996
26325,0,13.1778,278,825,1
26515,0,13.301,171,622,0.996
26466,0,13.6209,185,635,0.996
26694,0,13.7296,135,543,1
27193,0,13.1804,399,934,0.996
26744,0,13.2551,286,890,1
26443,0,13.3202,251,794,1
26388,0,13.3755,134,546,1
26645,0,13.6566,165,707,1
26362,0,13.6974,241,782,1
26501,0,13.2383,138,734,1
26328,0,13.5,102,499,1
24678,2,0,1,2,0
24720,2,0,1,2,0
25732,3,4.48317,101,103,0
25827,3,5.46224,101,103,0
25931,3,6.44133,101,103,0
26059,3,7.4204,101,103,0
26244,3,4.19975,101,103,0
26210,3,4.68929,101,103,0
26920,3,9.33215,383,581,0
27779,3,9.9898,294,767,0
27107,3,6.52372,317,779,0
27169,3,6.71327,147,518,0
27339,3,7.34899,212,477,0
27403,3,8.83469,226,458,0
27602,3,9.64285,278,697,0.004
27721,3,10.0541,302,806,0.004
28090,0,11.8867,478,928,0.98
28723,3,11.4827,489,1025,0.972
28978,0,13.1663,1025,1734,0.992
28997,0,13.1786,525,993,0.996
28791,0,13.3515,517,933,0.996
29911,0,13.7143,441,712,0.944
39745,0,14.1768,6118,5647,0.964
29565,0,13.0179,1041,1965,1
29071,0,12.8827,695,1323,1
28646,0,13.2337,277,881,1
28690,0,13.7135,204,698,0.996
29276,0,13.6199,1096,2011,0.996
28559,0,12.8946,596,995,1
28714,0,13.0102,596,1414,1
28582,0,12.9485,209,743,0.996
28609,0,13.0204,237,736,1
28788,0,13.4082,229,823,1
29379,0,13.7959,204,859,0.992
28893,0,11.7015,268,999,1
29020,0,12.0214,385,1195,1
28984,0,12.3413,343,889,1
29215,0,12.8531,430,935,1
29307,0,13.1778,582,930,1
29671,0,13.0995,314,702,1
29426,0,13.2082,364,870,1
29419,0,13.3071,235,813,1
29450,0,13.1804,116,485,1
29512,0,13.2551,115,498,0.996
29412,0,13.5459,109,503,1
29697,0,13.8367,107,497,1
30612,0,13.4212,494,2069,0.996
29523,0,13.2168,289,891,1
29483,0,13.2383,225,735,1
29482,0,13.5,315,858,1
27580,2,0,1,2,0
27685,2,0,1,2,0
27582,2,0,1,2,0
28691,3,5.46224,101,103,0
28799,3,6.44133,101,103,0
28869,3,7.4204,101,103,0
28957,3,8.39949,101,103,0
29059,3,4.68929,101,103,0
29858,3,9.38342,429,566,0
29998,3,10.2143,300,509,0
30318,3,10.7306,382,705,0
30024,3,6.97654,211,656,0
30064,3,7.137,130,433,0
30153,3,7.85305,153,402,0
30278,3,9.64286,196,464,0
30427,0,10.3949,206,628,0.104
30653,0,10.9862,258,749,0.156
30873,0,11.5775,252,752,0.152
31139,0,12.0691,357,817,1
31190,0,12.551,630,1085,1
31630,0,13.1327,738,1384,0.996
31989,0,13.3714,422,853,0.996
32072,0,13.462,291,653,0.996
31963,0,13.7617,219,556,0.992
35217,0,14.1709,3586,3423,1
32471,0,13.1,878,1534,1
31878,0,12.8824,485,1052,1
31811,0,13.0464,744,1567,1
31890,0,13.1911,772,1709,1
31866,0,13.4694,700,1488,0.996
33132,0,13.738,636,1385,1
31688,0,12.8576,456,1189,1
31687,0,12.9054,314,943,1
31640,0,12.9337,129,591,1
31760,0,12.9426,135,586,0.996
31971,0,13.2964,163,666,0.996
31982,0,13.6503,146,680,1
31836,0,11.702,180,785,1
32031,0,11.9977,276,860,1
32072,0,12.4949,299,682,1
32038,0,12.7954,352,720,1
32140,0,13.0959,354,728,1
32331,0,12.9643,662,862,1
32530,0,13.2551,187,561,1
32411,0,13.0944,213,801,1
32454,0,13.3755,145,596,1
32458,0,13.1857,76,435,1
32465,0,13.2168,194,638,1
32502,0,13.4834,203,672,1
32763,0,14,150,609,1
30059,2,0,1,2,0
29896,2,0,1,2,0
30046,2,0,1,2,0
31641,3,5.46224,101,103,0
31688,3,6.44133,101,103,0
31778,3,7.4204,101,103,0
31829,3,8.39949,101,103,0
31923,3,9.37858,101,103,0
33071,3,10.1013,637,690,0
32897,3,10.3265,310,545,0
33035,3,10.9745,239,513,0
33390,3,11.7811,288,660,0
33123,3,7.49031,196,634,0
33159,3,7.77754,153,467,0
33270,3,8.27678,136,451,0
33362,3,9.37245,151,455,0.012
33480,0,10.0857,150,424,0.968
33610,0,10.7235,173,564,0.992
33730,0,11.2712,174,617,0.996
33901,0,11.7143,227,682,1
34046,0,12.2572,283,737,1
34373,0,12.8,540,922,0.996
35261,0,13.3429,780,1340,0.984
34534,0,13.3898,291,701,1
34494,0,13.398,217,513,0.996
35026,0,13.902,269,512,0.984
37205,0,14.1291,1064,1351,0.976
36728,0,12.9031,1882,3437,1
35439,0,12.8946,859,2154,1
35387,0,12.8571,849,1812,1
34782,0,13.1064,414,1243,1
34725,0,13.3459,566,1157,1
34969,0,13.5758,351,1303,1
34499,0,12.7612,367,823,1
34641,0,12.9426,339,1237,1
34655,0,12.75,223,785,1
34610,0,12.7153,96,502,1
34684,0,13.0449,106,529,1
34864,0,13.3745,135,572,1
35179,0,13.7041,153,595,0.992
34860,0,11.7635,135,659,1
34910,0,12.0398,129,601,1
35088,0,12.3161,259,620,1
35097,0,12.5923,283,637,1
35095,0,12.8686,229,599,1
35192,0,12.9143,258,623,1
35334,0,13.1857,165,478,1
35516,0,13.2168,318,1029,1
35456,0,13.2383,260,879,1
35349,0,13.25,174,678,1
32956,2,0,1,2,0
32847,2,0,1,2,0
32930,2,0,1,2,0
34493,3,5.46224,101,103,0
34571,3,6.44133,101,103,0
34643,3,7.4204,101,103,0
34721,3,8.39949,101,103,0
34861,3,9.37858,101,103,0
35961,3,10.3577,304,539,0.736
35928,3,11,427,562,0.76
35887,3,11.0964,267,526,0.78
36027,3,11.7153,258,582,0.756
36442,3,12.5781,213,604,0.764
36117,3,8.00407,165,595,0.744
36191,3,8.4375,169,432,0.768
36283,3,8.77602,123,445,0.812
36389,0,9.36531,145,419,0.904
36457,0,9.96428,117,350,1
36563,0,10.3735,139,495,1
36696,0,10.9821,147,545,1
36839,0,11.4911,157,593,1
37150,0,12,187,612,0.996
37415,0,12.2707,209,609,0.996
37228,0,12.7699,307,797,1
37634,0,13.2691,865,1129,1
37603,0,13.2337,143,501,1
37894,0,13.298,127,401,0.996
38315,0,13.6199,782,1176,0.992
38940,0,14.0804,860,1650,1
40482,0,13.3163,1857,3060,1
38531,0,12.6327,756,1805,1
38075,0,12.8576,656,1603,1
37728,0,13.073,231,872,1
37671,0,13.2786,184,836,1
37703,0,13.6518,217,962,1
38498,0,13.8429,298,1242,1
37264,0,12.9023,127,499,1
37640,0,12.6612,183,725,1
37585,0,12.7844,160,624,1
37607,0,12.6964,73,416,1
37686,0,13.2082,81,457,1
37774,0,13.5184,94,492,1
38022,0,13.8286,158,526,0.996
37786,0,11.7087,106,550,1
37814,0,12.1913,113,578,1
37872,0,12.2224,191,596,1
37980,0,12.4793,186,555,1
38124,0,12.7362,383,858,1
38197,0,12.9931,398,881,1
38211,0,13,371,805,1
35551,2,0,1,2,0
35676,2,0,1,2,0
35561,2,0,1,2,0
35643,2,0,1,2,0
37357,3,6.44133,101,103,0
37443,3,7.4204,101,103,0
37541,3,8.39949,101,103,0
37674,3,9.37858,101,103,0
38535,0,9.94745,165,396,0.972
38865,0,10.8878,258,490,0.972
38741,0,11.0355,209,416,0.984
38784,0,11.5179,181,433,0.984
38927,0,12.3661,178,495,0.992
39749,0,13.2898,172,559,0.84
39036,0,8.51785,134,513,0.976
39045,0,8.86123,154,414,0.984
39181,0,8.73495,106,468,0.976
39214,0,9.2051,120,372,1
39194,0,9.77499,102,308,1
39307,0,10.1454,117,413,1
39565,0,10.6156,114,481,1
39640,0,11.2,102,478,1
39816,0,11.7941,130,533,1
39866,0,12.15,127,471,1
40044,0,12.4962,322,680,1
40313,0,12.9663,321,763,1
41138,0,13.298,490,1048,0.996
40607,0,13.1898,612,1099,1
40441,0,13.1911,633,1110,1
41285,0,13.6224,572,924,0.984
42251,0,14.0538,706,1240,0.992
42537,0,13.3459,1290,2850,1
41392,0,12.7377,832,1770,1
41308,0,12.7612,573,1604,1
40529,0,12.9426,248,859,1
40618,0,13.1143,202,871,1
40569,0,13.4633,174,786,1
40596,0,13.6204,130,830,1
40472,0,13.3745,89,480,1
40500,0,13.0995,111,589,1
40473,0,12.7954,137,577,1
40447,0,13.0959,103,538,1
40495,0,12.7482,59,388,1
40579,0,13.2551,70,426,1
40596,0,13.5459,80,435,1
40755,0,13.8367,82,457,1
40691,0,13.1857,102,480,1
40894,0,12.0153,161,651,1
41013,0,12.0125,217,719,1
40930,0,12.25,245,678,1
38199,2,0,1,2,0
38169,2,0,1,2,0
38225,2,0,1,2,0
38163,2,0,1,2,0
40085,3,6.44133,101,103,0
40145,3,7.4204,101,103,0
40256,3,8.39949,101,103,0
40376,3,9.37858,101,103,0
41498,0,9.4347,158,410,1
41528,0,10.3265,159,371,1
41736,0,10.9745,278,481,1
41554,0,10.8597,173,369,1
41724,0,11.6594,186,472,0.996
41912,0,12.4592,157,514,0.992
42172,0,13.2589,208,612,0.992
41889,0,8.2648,126,486,1
41930,0,8.73495,151,396,1
42085,0,8.73061,105,455,1
42022,0,9.27627,113,340,1
42100,0,9.72704,94,336,1
42196,0,10.0684,93,353,1
42320,0,10.5143,89,410,1
42529,0,10.9602,98,450,1
42661,0,11.2821,100,471,1
42777,0,11.7232,117,488,1
42814,0,12.1643,132,495,1
43233,0,12.6053,233,659,0.996
43272,0,13.0464,1232,1693,1
43363,0,13.0429,411,1035,1
43800,0,13.1633,669,1038,1
43659,0,13.2643,474,967,0.996
43802,0,13.8342,310,737,0.996
44370,0,13.911,471,939,1
51284,0,13.7959,5945,5998,1
44442,0,12.588,944,1823,1
44011,0,12.75,667,1665,1
43492,0,12.9023,351,1179,1
43338,0,13.0449,149,699,1
43230,0,13.1778,110,649,1
43240,0,13.301,105,585,1
43517,0,13.6209,146,765,1
43117,0,13.0959,133,450,1
43251,0,12.7482,75,530,1
43189,0,12.8133,66,431,1
43214,0,12.8686,74,414,1
43241,0,12.9143,52,379,1
43355,0,13.1857,59,382,1
43476,0,13.2168,126,548,1
43541,0,13.4834,77,441,1
43659,0,13.75,115,635,1
40783,2,0,1,2,0
40653,2,0,1,2,0
40756,2,0,1,2,0
40596,2,0,1,2,0
42739,3,6.44133,101,103,0
42791,3,7.4204,101,103,0
42890,3,8.39949,101,103,0
42969,3,9.37858,101,103,0
43797,0,8.87066,90,350,1
43902,0,9.65306,109,357,1
44080,0,10.5477,170,396,1
44142,0,11.1888,172,365,1
44132,0,11.0941,135,337,1
44151,0,11.8551,139,402,1
44301,0,12.4554,126,456,1
44438,0,13.2066,170,536,1
44336,0,8.4648,134,475,1
44418,0,8.73061,134,456,1
44476,0,8.6778,85,347,1
44542,0,8.99489,84,347,1
44666,0,9.52118,94,313,1
44726,0,9.82858,86,284,1
44810,0,10.2454,86,350,1
44966,0,10.6622,86,417,1
44997,0,11.0791,80,403,1
45206,0,11.6296,101,460,1
45277,0,12.0513,90,392,0.996
45431,0,12.3296,571,1070,1
45538,0,12.7464,699,1369,1
45976,0,13.1633,1079,1634,1
46286,0,13.2643,402,950,1
46132,0,13.0204,653,974,1
45849,0,13.4082,389,885,1
46277,0,13.7959,255,702,0.996
47045,0,14.0064,837,1077,1
50778,0,14.2071,2961,2997,0.996
46540,0,12.9023,565,1535,1
46253,0,12.8531,427,1122,1
45971,0,12.7844,205,884,1
45816,0,13.0995,145,712,1
45822,0,13.2082,123,640,1
45909,0,13.5184,103,629,1
45962,0,13.6125,76,564,1
48173,0,13.9179,1062,3206,1
45264,0,12.8686,37,310,1
45885,0,12.6837,69,448,1
45910,0,12.9503,53,383,1
45984,0,12.7362,104,494,1
46021,0,12.9931,100,480,1
46007,0,13.25,102,488,1
43586,2,0,1,2,0
43643,2,0,1,2,0
43543,2,0,1,2,0
43698,2,0,1,2,0
43539,2,0,1,2,0
45337,3,7.4204,101,103,0
45396,3,8.39949,101,103,0
45489,3,9.37858,101,103,0
46265,0,8.61429,85,292,1
46325,0,9.20408,82,278,1
46479,0,9.99898,118,309,1
46641,0,10.9255,150,375,1
46681,0,11.3768,148,333,1
46667,0,11.251,142,341,1
46726,0,11.9732,124,381,1
46833,0,12.525,123,442,1
47232,0,13.2375,157,505,0.996
46967,0,8.35101,123,457,1
47069,0,8.77754,122,400,1
47078,0,8.8903,98,353,1
47121,0,8.97399,80,337,1
47183,0,9.37143,92,325,1
47204,0,10.0071,80,252,1
47334,0,10.1663,84,350,1
47383,0,10.5638,79,366,1
47525,0,10.9612,84,400,1
47618,0,11.3587,94,418,1
47843,0,11.8995,510,992,1
47894,0,12.1536,485,947,1
48088,0,12.551,491,1091,1
48414,0,12.7906,501,1102,0.992
48372,0,13.1832,733,1204,1
48414,0,13.2406,246,750,1
48631,0,13.451,370,844,1
48446,0,13.4745,209,633,1
48736,0,13.6607,210,630,0.996
48852,0,14.0242,401,904,1
51638,0,14.1959,2208,2420,1
49074,0,12.7844,637,1604,1
48850,0,12.6964,302,992,1
48517,0,13.0018,192,817,1
48365,0,13.0959,133,659,1
48496,0,13.1804,154,675,1
48419,0,13.476,89,555,1
48369,0,13.5459,62,465,1
48723,0,13.8367,77,537,1
47958,0,12.9503,47,326,1
48335,0,12.9765,148,527,1
48394,0,12.9931,185,595,1
48380,0,13,135,572,1
45431,2,0,1,2,0
45524,2,0,1,2,0
45435,2,0,1,2,0
45566,2,0,1,2,0
45407,2,0,1,2,0
47774,3,7.4204,101,103,0
47837,3,8.39949,101,103,0
47966,3,9.37858,101,103,0
48750,0,8.20408,89,414,1
48850,0,8.81123,82,378,1
48928,0,9.38928,81,290,1
49783,0,10.1357,79,264,1
49564,0,10.8821,121,324,1
49524,0,10.8735,164,356,0.984
49516,0,11.3304,109,319,1
49600,0,12.0138,105,340,1
49752,0,12.5171,94,380,1
50139,0,13.1908,112,430,0.996
49812,0,8.37857,103,509,1
49810,0,8.68112,110,379,1
49898,0,8.86455,99,338,1
50404,0,9.02858,78,329,1
50301,0,9.17321,76,292,1
50350,0,9.67041,70,270,1
50442,0,9.91965,68,284,1
50535,0,10.2929,73,338,1
50620,0,10.6661,71,367,1
50770,0,11.0393,158,685,1
50953,0,11.5607,280,830,1
51112,0,11.9388,322,828,1
51173,0,12.3168,312,785,1
51303,0,12.5321,516,953,1
51264,0,12.9053,507,1080,1
51582,0,13.2786,494,1116,1
51786,0,13.2972,215,718,1
51731,0,13.1143,345,792,1
51389,0,13.4633,178,592,1
51647,0,13.6204,209,562,1
52123,0,13.9645,416,842,1
53624,0,14.1071,1243,1732,1
52043,0,12.7954,529,1384,1
51833,0,12.6735,221,856,1
51743,0,12.9643,324,926,1
51575,0,13.0342,194,773,1
51437,0,13.0944,96,573,1
51497,0,13.3755,84,503,1
51617,0,13.6566,108,627,1
51778,0,13.4571,183,783,1
52090,0,13.7286,241,1171,1
51196,0,12.75,120,438,1
49194,2,0,1,2,0
49208,2,0,1,2,0
49244,2,0,1,2,0
49201,2,0,1,2,0
49326,2,0,1,2,0
50870,3,7.4204,101,103,0
50886,3,8.39949,101,103,0
50965,3,9.37858,101,103,0
52148,3,10.3577,168,470,0
51887,0,8.53062,76,264,1
51991,0,9.1454,76,261,1
52068,0,9.74082,75,293,1
52189,0,10.4582,115,305,1
52375,0,11.7041,460,706,1
51918,0,10.6875,135,294,1
52319,0,11.3321,102,309,1
52383,0,11.9768,98,325,1
52545,0,12.6214,86,373,1
52710,0,13.2661,128,430,1
52601,0,8.26275,109,528,1
52597,0,8.86455,94,353,1
52647,0,9.02858,93,355,1
52757,0,9.05408,75,321,1
52816,0,9.17449,72,325,1
52893,0,9.53316,70,265,1
52896,0,9.89184,63,237,1
53030,0,10.2505,67,313,1
53168,0,10.6092,215,669,1
53351,0,10.9679,251,736,1
53388,0,11.3265,250,800,1
53492,0,11.6852,292,812,1
53498,0,12.0439,302,760,1
53622,0,12.5701,428,1016,1
53776,0,12.5888,409,1031,1
53962,0,12.9426,415,1038,1
54158,0,13.2964,716,1069,1
54043,0,13.6503,233,763,1
54006,0,13.2367,247,654,1
53900,0,13.5712,115,481,1
54157,0,13.7041,141,483,1
54449,0,13.8273,341,678,1
54994,0,14.152,649,1457,1
55697,0,13.1804,877,1498,1
54509,0,12.8133,431,1053,1
54159,0,12.6429,221,884,1
54050,0,12.9143,178,679,1
53925,0,12.9503,77,486,1
54012,0,13.2168,82,570,1
53969,0,13.4834,163,636,1
54063,0,13.5,152,710,1
51139,2,0,1,2,0
51097,2,0,1,2,0
51187,2,0,1,2,0
51116,2,0,1,2,0
51094,2,0,1,2,0
51175,2,0,1,2,0
53201,2,4.90663,98,99,0
53231,2,5.47857,98,99,0
56604,3,9.69108,1479,2114,0
53871,0,8.30613,76,359,1
54248,0,8.9625,78,363,1
54133,0,9.41174,73,252,1
54426,0,10.1048,73,267,1
54552,0,10.5714,80,268,1
54652,0,10.9286,247,481,1
54225,0,10.9061,112,273,1
54584,0,11.4365,108,296,1
54657,0,12.052,94,299,1
54800,0,12.6676,88,291,1
55014,0,13.2832,122,416,1
54885,0,8.75511,113,520,1
54924,0,8.91429,89,337,1
54994,0,9.17321,88,345,1
55102,0,10.6622,81,369,1
55136,0,10.5638,69,362,1
55144,0,10.8276,66,305,1
54872,0,9.83494,60,212,1
55318,0,10.1791,128,461,1
55406,0,10.5232,135,537,1
55565,0,10.8674,153,620,1
55553,0,11.2115,135,643,1
55653,0,11.7184,266,774,1
55732,0,12.0673,220,757,1
55817,0,12.0714,229,684,1
55962,0,12.4107,237,733,1
56041,0,12.75,260,747,1
56099,0,13.0893,273,772,1
56316,0,13.4286,457,918,1
56426,0,13.3745,179,639,1
56529,0,13.301,276,618,1
56254,0,13.6209,137,473,1
56392,0,13.9408,258,619,1
57073,0,14.0446,389,677,1
57346,0,14.1388,472,843,1
62728,0,14.449,2908,4543,1
56346,0,12.6837,455,1044,1
56523,0,12.9503,233,844,1
56364,0,12.9765,133,668,1
56341,0,13.2383,105,615,1
56328,0,13.25,119,599,1
52961,2,0,1,2,0
53117,2,0,1,2,0
52968,2,0,1,2,0
53054,2,0,1,2,0
52963,2,0,1,2,0
52965,2,0,1,2,0
55482,2,4.65714,93,94,0
55609,2,5.2,93,94,0
57532,3,9.33215,618,1074,0
56946,3,11.3367,134,429,0
56621,0,8.65765,71,247,1
56678,0,9.21429,75,299,1
56773,0,9.6102,69,275,1
56755,0,10.2694,69,239,1
56902,0,10.7679,67,250,1
56893,0,10.9913,67,231,1
56776,0,10.8962,102,258,1
57039,0,11.4826,91,271,1
57099,0,12.0691,86,267,1
57139,0,12.6556,87,279,1
57319,0,13.3515,99,379,1
57236,0,9.37143,120,478,1
57336,0,8.81581,83,317,1
57297,0,9.05051,84,348,1
57387,0,9.01786,68,282,1
57449,0,9.0898,67,290,1
57461,0,9.41938,65,249,1
57603,0,9.60561,131,407,1
57785,0,9.93036,113,406,1
57717,0,10.2551,117,498,1
57803,0,10.5798,105,541,1
57911,0,10.9046,168,616,1
57984,0,11.2293,173,673,1
58055,0,11.5541,179,677,1
58064,0,11.8788,197,685,1
58137,0,12.3857,210,680,1
58163,0,12.5283,279,821,1
58369,0,12.8531,327,787,1
58489,0,13.1778,359,827,1
58780,0,13.5025,371,904,1
58536,0,13.2082,88,444,1
58602,0,13.3071,251,558,1
58609,0,13.6125,115,453,1
58873,0,13.476,211,554,1
59027,0,13.7717,217,576,1
59216,0,14.0673,344,754,1
63486,0,14.363,2951,3565,1
58645,0,12.9765,372,1146,1
58737,0,12.748,186,848,1
58681,0,13,133,710,1
57173,2,0,1,2,0
55356,2,0,1,2,0
55193,2,0,1,2,0
55311,2,0,1,2,0
55244,2,0,1,2,0
55256,2,0,1,2,0
55323,2,0,1,2,0
57680,2,5.01429,90,91,0
59216,3,9.22959,444,704,0
60836,3,10.6633,1475,2084,0
58071,0,8.29183,68,322,1
58858,0,8.95103,69,301,1
58827,0,9.6102,69,241,1
59021,0,10.0429,69,276,1
58896,0,10.4464,65,225,1
59305,0,11.8434,413,694,1
59166,0,10.9862,145,338,1
58995,0,11.1031,95,252,1
59269,0,11.6701,83,280,1
59320,0,12.2372,86,307,1
59351,0,12.6949,86,278,1
59603,0,13.2572,94,358,1
59447,0,10.7219,77,413,1
59452,0,8.92653,74,291,1
59469,0,9.01786,74,331,1
59575,0,9.22348,71,282,1
59615,0,9.41938,68,291,1
59779,0,9.46225,93,440,1
59774,0,9.78215,114,429,1
59905,0,10.102,101,373,1
59906,0,10.264,95,446,1
60022,0,10.7418,103,495,1
60113,0,10.8941,102,531,1
60107,0,11.2092,164,645,1
60246,0,11.5242,178,673,1
60257,0,11.8393,185,667,1
60253,0,12.1543,177,595,1
60273,0,12.4694,269,724,1
60514,0,12.7844,246,770,1
60767,0,13.0995,317,854,1
60708,0,13.4145,986,956,1
60808,0,13.3071,223,712,1
61033,0,13.3964,144,486,1
60899,0,13.476,117,445,1
60618,0,13.5459,59,365,1
60933,0,13.8367,140,475,1
61308,0,14.1276,201,549,1
61608,0,14.1781,422,940,1
66960,0,14.464,2803,4766,1
61069,0,13,313,1178,1
61325,2,0,1,2,0
58401,2,0,1,2,0
58393,2,0,1,2,0
58270,2,0,1,2,0
58464,2,0,1,2,0
58216,2,0,1,2,0
58423,2,0,1,2,0
60074,2,4.82857,86,87,0
61404,3,9.17832,382,552,0
62405,3,10.2704,998,1613,0
64681,3,11.95,2275,2423,0
60474,0,8.75358,67,271,1
61306,0,9.32755,69,326,1
61441,0,9.89184,70,258,1
61425,0,10.3661,71,257,1
61458,0,10.8209,71,246,1
61860,0,11.9768,531,771,1
61624,0,11.0082,148,311,1
61408,0,11.2712,79,233,1
61842,0,11.8189,80,255,1
61810,0,12.3666,81,298,1
61862,0,12.8,86,279,1
62168,0,13.3429,93,357,1
62460,0,13.8857,298,988,1
61374,0,8.76021,75,310,1
62024,0,9.0898,72,323,1
62106,0,9.28086,74,281,1
62230,0,9.31888,87,476,1
62214,0,9.48572,84,430,1
62342,0,9.64286,109,414,1
62307,0,9.94821,94,350,1
62410,0,10.4163,83,383,1
62488,0,10.7265,85,463,1
62565,0,11.0367,105,519,1
62615,0,11.3469,105,546,1
62701,0,11.6571,176,645,1
62692,0,11.7804,177,633,1
62707,0,11.8939,183,640,1
62761,0,12.1944,183,611,1
62937,0,12.2934,132,521,1
62926,0,12.589,151,523,1
62940,0,12.8847,156,532,1
63166,0,13.1804,230,566,1
63422,0,13.2551,281,566,1
63198,0,13.3202,113,437,1
63044,0,13.6061,124,448,1
63183,0,13.6566,131,421,1
63417,0,13.9377,157,563,1
63741,0,14.2189,196,678,1
63902,0,14.25,444,1260,1
60082,2,0,1,2,0
60016,2,0,1,2,0
60008,2,0,1,2,0
60071,2,0,1,2,0
60032,2,0,1,2,0
60500,2,0,1,2,0
59972,2,0,1,2,0
62230,2,4.55,82,83,0
63727,3,9.02449,466,630,0
64075,3,10.1582,511,791,0
66199,3,11.7061,1603,2256,0
62768,0,8.29286,63,295,1
63329,0,8.90357,66,229,1
63546,0,9.36327,68,275,1
63631,0,9.96428,71,272,1
63490,0,10.3949,66,222,1
63588,0,10.8061,66,239,1
63829,0,10.9133,239,443,1
63455,0,10.6727,72,223,1
63651,0,11.1913,67,216,1
63759,0,11.71,68,241,1
63931,0,12.1143,75,277,1
64054,0,12.6281,69,246,1
64086,0,13.1418,69,283,1
64619,0,13.6556,395,647,1
63552,0,8.68878,68,283,1
64262,0,8.8653,68,297,1
64331,0,8.74541,79,417,1
64429,0,9.18929,80,442,1
64470,0,9.18367,90,423,1
64469,0,9.47449,83,407,1
64496,0,9.7653,78,322,1
64549,0,10.0561,75,346,1
64600,0,10.3469,79,396,1
64708,0,10.6377,93,457,1
64777,0,11.1107,93,494,1
64801,0,11.4064,109,531,1
64897,0,11.702,117,537,1
65019,0,11.801,121,523,1
65002,0,11.8903,124,462,1
65008,0,11.9699,100,446,1
65014,0,12.251,117,484,1
65158,0,12.5321,169,545,1
65297,0,12.8133,154,530,1
65332,0,13.0944,181,608,1
65410,0,13.1449,155,518,1
65292,0,13.1857,88,389,1
65350,0,13.2168,150,516,1
65282,0,13.4834,111,434,1
65309,0,13.75,125,488,1
61497,2,0,1,2,0
61679,2,0,1,2,0
61526,2,0,1,2,0
61537,2,0,1,2,0
61533,2,0,1,2,0
61558,2,0,1,2,0
61672,2,0,1,2,0
61536,2,0,1,2,0
65988,3,8.97322,555,716,0
65967,3,9.9898,461,657,0
67754,3,11.3403,1362,2030,0
73458,3,12.8342,4842,4667,0
64867,0,8.62092,61,283,1
65582,0,9.06123,64,299,1
65935,0,9.64285,63,223,1
66055,0,10.2245,69,267,1
65725,0,10.626,66,221,1
65942,0,11.5775,476,693,1
65360,0,11.0717,73,238,1
65391,0,10.773,62,206,1
65580,0,11.2722,58,217,1
66203,0,11.7714,61,231,1
67964,0,12.1515,64,259,1
67699,0,12.6459,60,232,1
66609,0,13.1403,60,268,1
67381,0,13.6347,91,455,1
67420,0,8.58826,64,306,1
66982,0,8.74541,94,441,1
67548,0,8.59643,76,404,1
67429,0,9.03061,76,429,1
67729,0,9.00076,87,396,1
67473,0,9.43979,77,392,1
66866,0,9.72092,83,354,1
66607,0,10.002,75,316,1
66563,0,10.2832,77,384,1
66628,0,10.5643,88,430,1
66693,0,10.8454,90,458,1
66737,0,11.1265,110,491,1
66804,0,11.4077,105,516,1
66994,0,11.6888,115,514,1
66979,0,11.7635,110,509,1
66935,0,12.0398,113,462,1
67107,0,12.3161,99,458,1
67180,0,12.3714,109,476,1
67152,0,12.6429,133,536,1
67091,0,12.9143,182,520,1
67271,0,13.1857,236,637,1
67351,0,13.2168,135,542,1
67420,0,13.2383,243,605,1
67138,0,13.25,134,470,1
64631,2,0,1,2,0
64295,2,0,1,2,0
64545,2,0,1,2,0
64338,2,0,1,2,0
64593,2,0,1,2,0
64392,2,0,1,2,0
64527,2,0,1,2,0
64440,2,0,1,2,0
67917,3,8.87067,599,746,0
67857,3,9.82143,445,578,0
68316,3,11.0355,549,847,0
69875,3,12.5709,1383,1910,0
66734,0,8.33826,59,274,1
67236,0,8.91021,60,211,1
67522,0,9.48214,62,288,1
67486,0,9.96888,66,242,1
67604,0,10.4459,66,241,1
67695,0,10.8184,81,247,1
67775,0,10.9719,72,229,1
67672,0,11.1913,67,224,1
67664,0,10.8344,59,200,1
67838,0,11.3143,56,212,1
67992,0,11.7941,58,236,1
68082,0,12.398,62,257,1
68140,0,12.625,58,261,1
68208,0,13.1,58,260,1
68597,0,13.575,66,376,1
68302,0,8.3153,104,501,1
68313,0,8.59643,110,467,1
68401,0,8.87755,85,428,1
68390,0,8.68495,65,379,1
68384,0,9.11428,81,427,1
68498,0,9.38571,72,381,1
68542,0,9.82959,68,340,1
68489,0,9.92857,60,286,1
68551,0,10.2,59,322,1
68604,0,10.4714,57,363,1
68675,0,10.7429,57,386,1
68751,0,11.0143,58,414,1
68833,0,11.2857,91,478,1
68845,0,11.5571,86,481,1
68860,0,11.8286,98,474,1
69013,0,11.8839,87,474,1
69041,0,12.1505,79,420,1
69052,0,12.4171,82,458,1
69048,0,12.6837,132,485,1
69152,0,12.7148,94,437,1
69269,0,12.9765,185,609,1
69342,0,13.2383,371,736,1
69322,0,13,122,526,1
65243,2,0,1,2,0
65362,2,0,1,2,0
65233,2,0,1,2,0
65396,2,0,1,2,0
65163,2,0,1,2,0
65440,2,0,1,2,0
65175,2,0,1,2,0
65484,2,0,1,2,0
70638,3,8.56301,1227,1343,0
69995,3,9.70919,565,660,0
70170,3,10.9135,616,820,0
72745,3,12.176,1779,2486,0
79563,3,13.7793,7117,5892,0
68797,0,8.75919,58,271,1
69646,0,9.32143,58,254,1
69525,0,9.88368,61,217,1
69755,0,10.2658,61,247,1
69802,0,10.8184,63,231,1
69839,0,11.1714,80,246,1
70272,0,12.0281,364,585,1
69805,0,10.9439,119,289,1
69712,0,11.0857,54,185,1
69855,0,11.5559,55,200,1
69988,0,12.026,55,228,1
70211,0,12.625,66,258,1
70394,0,12.8327,60,264,1
70642,0,13.298,59,259,1
70798,0,13.7633,135,603,1
70471,0,8.59643,83,469,1
70401,0,8.72449,109,460,1
70502,0,8.84285,87,439,1
70491,0,8.78877,69,393,1
70607,0,9.21811,81,424,1
70715,0,9.4847,74,378,1
70687,0,9.92856,78,389,1
70640,0,10.0179,66,285,1
70819,0,10.2844,62,306,1
70819,0,10.551,65,357,1
70955,0,10.8176,64,392,1
71002,0,11.0842,65,409,1
71041,0,11.3508,95,458,1
70984,0,11.6173,122,502,1
71148,0,11.8839,114,516,1
71129,0,11.9296,114,504,1
71135,0,12.1913,86,426,1
71168,0,12.4531,88,437,1
71186,0,12.7148,122,506,1
71321,0,12.9765,224,723,1
71326,0,12.9931,212,658,1
71369,0,13.25,221,680,1
68425,2,0,1,2,0
68662,2,0,1,2,0
68492,2,0,1,2,0
68628,2,0,1,2,0
68499,2,0,1,2,0
68671,2,0,1,2,0
68641,2,0,1,2,0
68556,2,0,1,2,0
70368,2,0.512755,88,86,0
72116,3,9.70919,639,758,0
72099,3,10.7306,473,686,0
73033,3,11.9128,1003,1438,0
74913,3,13.4967,2009,2472,0
70849,0,8.60817,57,264,1
71415,0,9.16071,60,208,1
71823,0,9.54286,57,266,1
71596,0,10.0857,58,228,1
71847,0,10.4388,59,243,1
71584,0,10.6727,58,200,1
71717,0,11.2959,65,219,1
71821,0,11.2722,63,205,1
71690,0,11.0857,53,187,1
71662,0,11.0793,52,189,1
71880,0,11.5301,52,208,1
71946,0,11.9809,52,219,1
72098,0,12.4316,57,228,1
72326,0,12.8824,56,245,1
72460,0,13.4765,158,483,1
72582,0,13.9321,95,550,1
72488,0,8.72449,74,444,1
72516,0,9.15867,82,396,1
72483,0,9.27704,83,400,1
72589,0,8.88291,59,350,1
73142,0,9.1398,70,372,1
72647,0,9.39668,71,348,1
72607,0,9.65357,68,341,1
72536,0,9.91046,70,296,1
72593,0,10.1673,69,293,1
72683,0,10.4242,66,328,1
72711,0,10.6811,64,345,1
72754,0,10.938,63,373,1
72818,0,11.1949,84,412,1
72835,0,11.2357,79,436,1
72917,0,11.4878,78,435,1
72937,0,11.7398,77,423,1
72976,0,11.9918,67,412,1
72996,0,12.0084,68,350,1
73112,0,12.2556,125,438,1
73098,0,12.5028,170,563,1
73182,0,12.75,181,597,1
69280,2,0,1,2,0
69232,2,0,1,2,0
69264,2,0,1,2,0
69217,2,0,1,2,0
69357,2,0,1,2,0
69134,2,0,1,2,0
69391,2,0,1,2,0
69124,2,0,1,2,0
72164,2,0.512755,88,86,0
74226,3,9.65307,892,1017,0
73806,3,10.5477,471,627,0
74662,3,11.7153,974,1243,0
78245,3,13.0021,2175,2641,0
90808,0,14.0449,13670,9019,0.98
72756,0,8.83928,56,260,1
73442,0,9.20204,56,241,1
73474,0,9.72551,55,224,1
73557,0,10.0592,59,239,1
73574,0,10.4732,59,222,1
73489,0,10.6684,55,201,1
73517,0,11.1628,64,208,1
74024,0,11.2,270,442,1
73321,0,10.8411,52,186,1
73547,0,11.0342,50,182,1
73766,0,11.4656,50,205,1
73746,0,11.8969,49,200,1
73965,0,12.3283,52,222,1
74211,0,12.7597,70,362,1
74320,0,13.3393,96,436,1
74548,0,13.7755,93,552,1
74317,0,8.52704,92,437,1
74363,0,8.95153,102,412,1
74472,0,9.05051,96,414,1
74455,0,8.96735,64,352,1
74459,0,9.04209,67,362,1
74488,0,9.28928,66,359,1
74543,0,9.53648,48,316,1
74630,0,9.59184,69,333,1
74650,0,9.83419,57,265,1
74735,0,10.0765,56,288,1
74730,0,10.3189,54,323,1
74797,0,10.5612,53,342,1
74835,0,10.8036,52,362,1
74883,0,10.825,62,371,1
74950,0,11.0625,70,417,1
75039,0,11.3,75,421,1
75074,0,11.5375,74,402,1
75084,0,11.775,117,467,1
75091,0,12.0125,118,424,1
75156,0,12.25,126,457,1
71564,2,0,1,2,0
71582,2,0,1,2,0
71631,2,0,1,2,0
71499,2,0,1,2,0
71663,2,0,1,2,0
71477,2,0,1,2,0
71744,2,0,1,2,0
71473,2,0,1,2,0
74178,2,0.512755,88,86,0
74190,2,0.561224,88,86,0
76009,3,10.4867,621,769,0
76040,3,11.452,723,970,0
77770,3,12.8607,1935,2227,0
80331,0,13.5918,6764,4118,0.996
74639,0,11.0089,78,303,1
75232,0,9.03164,53,213,1
75462,0,9.54541,53,251,1
75266,0,10.0592,55,199,1
75428,0,10.3735,56,217,1
75621,0,10.8776,62,230,1
75691,0,11.1628,89,240,1
76012,0,11.3143,143,304,1
75943,0,11.1985,123,275,1
75410,0,11.0342,54,188,1
75560,0,11.3367,57,194,1
75710,0,11.7633,54,214,1
75741,0,12.1898,50,218,1
76078,0,12.3296,131,434,1
76144,0,12.7464,90,398,1
76767,0,13.1633,93,438,1
76547,0,13.5801,76,462,1
76259,0,8.13775,73,434,1
76291,0,8.88291,78,378,1
76362,0,8.7949,76,382,1
76441,0,8.86479,59,359,1
76597,0,8.74286,48,333,1
76567,0,9.1625,64,356,1
76533,0,9.4,49,317,1
76563,0,9.6375,55,297,1
76380,0,9.875,53,250,1
76561,0,10.1125,54,276,1
76648,0,10.35,54,308,1
76747,0,10.5875,54,346,1
76763,0,10.825,55,347,1
76784,0,11.0625,71,383,1
76837,0,11.3,75,405,1
76882,0,11.5375,70,413,1
76937,0,11.775,113,462,1
77028,0,12.0125,101,455,1
76975,0,12,105,409,1
73070,2,0,1,2,0
72953,2,0,1,2,0
73015,2,0,1,2,0
72951,2,0,1,2,0
72877,2,0,1,2,0
73019,2,0,1,2,0
72847,2,0,1,2,0
73091,2,0,1,2,0
76051,2,0.512755,88,86,0
76016,2,0.561224,88,86,0
78024,3,10.3038,699,824,0
77883,3,11.452,491,643,0
79181,3,12.5074,1354,1747,0
86832,3,13.8184,7617,5341,0
96904,1,13.9821,15000,9517,0.32
76669,0,9.03164,53,247,1
77323,0,9.3653,53,230,1
77529,0,9.86939,61,258,1
77402,0,10.2737,55,228,1
77438,0,10.6684,60,216,1
77434,0,10.9439,53,213,1
77547,0,11.2,82,235,1
77943,0,12.1515,358,566,1
77320,0,11.0342,59,205,1
77352,0,10.9503,49,171,1
77447,0,11.3622,48,174,1
77575,0,11.7742,49,195,1
78018,0,12.1862,72,340,1
78034,0,12.5982,67,345,1
78116,0,13.1633,72,369,1
78256,0,13.5801,79,409,1
78407,0,13.9969,72,439,1
78186,0,8.5477,62,408,1
78290,0,9.1398,65,359,1
78337,0,9.04209,74,375,1
78330,0,9.10714,57,352,1
78362,0,8.97551,48,337,1
78369,0,9.20816,57,345,1
78421,0,9.44082,62,328,1
78378,0,9.67347,51,288,1
78494,0,10.1125,44,264,1
78504,0,10.1388,51,269,1
78515,0,10.3714,51,285,1
78618,0,10.6041,48,299,1
78664,0,10.8367,49,332,1
78721,0,11.0694,56,356,1
78759,0,11.302,66,374,1
78853,0,11.5347,95,443,1
78899,0,11.7673,100,451,1
78885,0,12,100,445,1
74975,2,0,1,2,0
74784,2,0,1,2,0
75043,2,0,1,2,0
74767,2,0,1,2,0
75070,2,0,1,2,0
74738,2,0,1,2,0
75043,2,0,1,2,0
74724,2,0,1,2,0
77929,2,0.512755,88,86,0
77922,2,0.561224,88,86,0
80392,3,10.1209,1158,1247,0
79375,3,11.2546,556,647,0
80090,3,12.2954,1071,1338,0
83286,3,13.6673,2674,3075,0.188
85878,0,13.7411,5833,3648,1
78520,0,11.1617,69,287,1
79113,0,9.27525,52,209,1
79282,0,9.48979,50,234,1
79287,0,9.97448,51,216,1
79310,0,10.3546,62,219,1
79393,0,10.8344,63,221,1
79295,0,10.9714,59,199,1
79819,0,11.5559,140,291,1
80046,0,11.2821,314,462,1
79538,0,10.9503,99,246,1
79459,0,11.2286,77,212,1
79651,0,11.3587,65,215,1
79958,0,11.7561,74,333,1
80002,0,12.1536,75,343,1
80053,0,12.551,108,447,1
80118,0,12.9485,85,393,1
80188,0,13.3459,131,416,1
80339,0,13.7434,73,445,1
80261,0,8.45,68,445,1
80230,0,8.86479,75,361,1
80254,0,8.925,73,363,1
80290,0,8.97551,60,346,1
80382,0,8.82449,45,315,1
80419,0,9.04745,61,341,1
80430,0,9.2704,61,339,1
80441,0,9.49337,44,293,1
80450,0,9.71633,56,294,1
80256,0,9.93929,51,238,1
80413,0,10.1622,50,263,1
80506,0,10.3852,48,282,1
80646,0,10.6082,48,317,1
80660,0,10.8311,47,317,1
80690,0,11.0541,90,391,1
80782,0,11.277,91,401,1
80831,0,11.5,103,435,1
76515,2,0,1,2,0
76639,2,0,1,2,0
76556,2,0,1,2,0
76652,2,0,1,2,0
76649,2,0,1,2,0
76539,2,0,1,2,0
76688,2,0,1,2,0
76499,2,0,1,2,0
79886,2,0.512755,88,86,0
79924,2,0.561224,88,86,0
79926,2,0.609694,88,86,0
81798,3,11.123,665,749,0
82054,3,12.0834,949,1115,0
85044,3,13.4408,4337,4548,0.004
90655,0,13.8214,6894,5679,1
89606,0,13.8031,7493,6362,0.996
80470,0,8.825,49,227,1
80867,0,9.1102,49,175,1
81111,0,9.87474,52,206,1
81208,0,10.1454,58,226,1
81189,0,10.6156,56,211,1
81322,0,10.9714,61,218,1
81317,0,11.1985,76,223,1
82000,0,12.026,393,567,1
81870,0,12.1097,346,499,1
81482,0,11.3622,123,281,1
81198,0,11.0816,56,184,1
81758,0,11.326,60,274,1
81784,0,11.8571,59,307,1
81897,0,12.2449,57,318,1
81988,0,12.3168,57,370,1
82001,0,12.6949,86,349,1
82089,0,13.073,73,386,1
82320,0,13.451,82,459,1
82131,0,8.15561,62,407,1
82128,0,8.74285,68,352,1
82192,0,8.78852,68,355,1
82209,0,9.20816,68,351,1
82216,0,9.04745,45,303,1
82267,0,9.06887,48,300,1
82357,0,9.28699,55,344,1
82422,0,9.5051,45,299,1
82186,0,9.72322,41,247,1
82424,0,9.94132,42,226,1
82251,0,10.1594,41,236,1
82444,0,10.3776,40,265,1
82537,0,10.5957,40,277,1
82617,0,10.8138,47,310,1
82664,0,11.0319,66,347,1
82704,0,11.25,71,353,1
78479,2,0,1,2,0
78649,2,0,1,2,0
78439,2,0,1,2,0
78693,2,0,1,2,0
78434,2,0,1,2,0
78762,2,0,1,2,0
78471,2,0,1,2,0
78790,2,0,1,2,0
81761,2,0.512755,88,86,0
81756,2,0.561224,88,86,0
81750,2,0.609694,88,86,0
84033,3,10.9913,1004,1100,0
83362,3,12.0128,512,658,0
84814,3,13.2143,1628,1803,0
91734,0,13.9821,8579,5629,1
89597,0,13.8883,6306,4439,1
82299,0,11.2564,67,280,1
82956,0,9.3,49,226,1
82976,0,9.57551,48,225,1
82993,0,10.0408,50,211,1
83004,0,10.3967,58,217,1
83116,0,10.7429,62,216,1
83238,0,10.9602,65,222,1
83259,0,11.2821,88,233,1
83780,0,11.0791,298,402,1
83616,0,11.6296,174,337,1
83110,0,10.6661,56,185,1
83555,0,11.0393,75,266,1
83687,0,11.4125,69,292,1
83780,0,11.7857,70,317,1
83838,0,12.1589,78,344,1
83861,0,12.6949,68,383,1
83900,0,13.073,85,366,1
83988,0,13.451,88,398,1
84197,0,13.8291,63,411,1
83981,0,8.56071,62,412,1
83986,0,8.97551,72,343,1
84072,0,9.01633,61,363,1
84117,0,9.04745,75,348,1
84116,0,9.2704,50,311,1
84164,0,9.08061,49,292,1
84208,0,9.29388,49,291,1
84257,0,9.50714,44,294,1
84141,0,9.7204,45,252,1
84088,0,9.93367,44,241,1
84105,0,10.1469,46,243,1
84175,0,10.3602,46,256,1
84250,0,10.5735,59,286,1
84422,0,10.7867,58,325,1
84457,0,11,75,339,1
83214,2,0,1,2,0
80243,2,0,1,2,0
80482,2,0,1,2,0
80278,2,0,1,2,0
80390,2,0,1,2,0
80354,2,0,1,2,0
80309,2,0,1,2,0
80379,2,0,1,2,0
83432,2,0.512755,88,86,0
83472,2,0.561224,88,86,0
83511,2,0.609694,88,86,0
85909,3,10.7281,1065,1159,0
85675,3,11.8714,706,830,0
86545,3,13.0633,1464,1750,0
90191,0,13.8214,5717,4449,0.996
93001,0,13.9735,5310,5386,1
93658,0,13.8679,7631,5598,0.996
84156,0,8.92041,81,260,1
84667,0,9.37602,47,190,1
84850,0,9.62245,49,207,1
84778,0,10.0684,47,202,1
84929,0,10.6286,69,226,1
84891,0,11.0793,63,212,1
85018,0,11.1582,67,228,1
85132,0,11.5944,103,244,1
85664,0,12.1643,359,518,1
84833,0,11.2202,86,226,1
85399,0,11.0393,71,270,1
85385,0,11.2643,66,271,1
85487,0,11.6327,64,285,1
85656,0,12.001,66,328,1
85586,0,12.3694,65,308,1
85666,0,12.4026,69,377,1
85707,0,12.7612,67,331,1
85804,0,13.1199,70,363,1
85955,0,13.4786,69,409,1
85860,0,8.22755,54,383,1
85841,0,8.44082,58,336,1
85896,0,8.65409,58,354,1
85881,0,9.2704,58,327,1
85953,0,9.08061,47,318,1
85931,0,9.08265,44,292,1
85921,0,9.29107,44,292,1
85995,0,9.05765,49,276,1
85965,0,9.48214,38,264,1
85862,0,9.68571,41,243,1
85805,0,9.88929,39,210,1
85957,0,10.0929,46,237,1
86089,0,10.2964,45,261,1
86237,0,10.5,45,290,1
82174,2,0,1,2,0
81968,2,0,1,2,0
82248,2,0,1,2,0
81960,2,0,1,2,0
82242,2,0,1,2,0
81989,2,0,1,2,0
82302,2,0,1,2,0
81986,2,0,1,2,0
85356,2,0.512755,88,86,0
85347,2,0.561224,88,86,0
85336,2,0.609694,88,86,0
85322,2,0.658163,87,86,0
87583,3,11.7301,859,958,0
87832,3,12.9122,1123,1335,0
91988,0,13.9018,5513,4598,0.916
93929,0,13.8883,5418,5271,1
94134,0,13.8679,5992,4481,1
92319,0,14.0449,4430,4239,1
85896,0,9.47576,48,193,1
86663,0,9.62245,46,216,1
86573,0,10.0684,52,197,1
86707,0,10.2857,47,207,1
86631,0,10.8411,47,192,1
86694,0,11.1582,57,202,1
86668,0,11.3367,69,201,1
86817,0,11.6296,87,225,1
87333,0,12.0513,274,436,1
87017,0,11.1827,76,285,1
86989,0,10.9679,75,263,1
87132,0,11.1735,65,261,1
87233,0,11.5273,63,273,1
87327,0,11.8811,56,287,1
87429,0,12.2349,58,307,1
87450,0,12.7612,54,325,1
87454,0,13.1199,54,298,1
87618,0,13.4786,64,344,1
87682,0,13.8372,58,388,1
87641,0,8.82449,44,347,1
87655,0,8.85077,53,327,1
87596,0,9.06887,52,303,1
87620,0,9.28699,52,295,1
87676,0,9.29388,50,298,1
87779,0,9.72322,40,295,1
87651,0,9.27857,41,276,1
87822,0,9.48214,40,293,1
87730,0,9.68571,38,269,1
87637,0,9.88929,38,240,1
87634,0,10.0929,49,230,1
87680,0,10.2964,51,237,1
87804,0,10.5,52,253,1
84889,2,0,1,2,0
84960,2,0,1,2,0
84815,2,0,1,2,0
85025,2,0,1,2,0
84853,2,0,1,2,0
85142,2,0,1,2,0
84782,2,0,1,2,0
85135,2,0,1,2,0
87058,2,0.512755,88,86,0
87039,2,0.561224,88,86,0
87031,2,0.609694,88,86,0
87033,2,0.658163,87,86,0
89433,3,11.5181,980,1055,0
89356,3,12.6857,892,998,0.004
91344,0,13.7411,2064,2356,0.936
92339,0,13.7179,3452,3723,1
96644,0,14.048,5876,4813,1
95443,0,13.8551,5768,4809,1
87680,0,8.97704,45,202,1
88230,0,9.41327,45,188,1
88394,0,9.63062,50,201,1
88363,0,10.2857,46,197,1
88368,0,10.4837,48,193,1
88550,0,10.9102,67,214,1
88495,0,11.0791,63,217,1
88557,0,11.4959,85,222,1
89220,0,12.0513,314,444,1
88884,0,11.0393,104,326,1
89054,0,10.9679,106,316,1
88812,0,11.0204,67,256,1
88965,0,11.3694,63,263,1
89014,0,11.7184,61,272,1
89091,0,12.0673,54,280,1
89232,0,12.4163,57,309,1
89315,0,12.4107,54,326,1
89368,0,12.75,55,315,1
89435,0,13.0893,53,322,1
89566,0,13.4286,58,359,1
89420,0,8.26072,50,366,1
89460,0,8.46428,61,357,1
89443,0,8.66786,53,299,1
89396,0,8.87143,53,295,1
89496,0,9.29107,50,296,1
89486,0,9.27857,41,283,1
89516,0,9.03061,42,283,1
89595,0,10.1469,38,290,1
89465,0,9.65383,39,263,1
89454,0,9.85255,46,249,1
89361,0,9.80612,43,221,1
89342,0,10,43,213,1
87910,2,0,1,2,0
85386,2,0,1,2,0
85088,2,0,1,2,0
85375,2,0,1,2,0
85188,2,0,1,2,0
85270,2,0,1,2,0
85266,2,0,1,2,0
85195,2,0,1,2,0
88802,2,0.512755,88,86,0
88787,2,0.561224,88,86,0
88813,2,0.609694,88,86,0
88771,2,0.658163,87,86,0
91424,3,11.1648,1253,1321,0
91069,3,12.5347,735,854,0
92611,0,13.5804,2077,2255,0.656
95490,0,13.6327,3669,3917,1
99035,0,13.9579,6267,4478,1
96224,0,13.8551,4861,4178,1
93755,0,13.9643,3334,3346,1
89538,0,9.62245,57,195,1
90207,0,9.63062,45,208,1
90108,0,10.0571,71,215,1
90155,0,10.3645,44,213,1
90096,0,10.7862,45,186,1
90138,0,11.0791,68,208,1
90260,0,11.2286,68,224,1
90610,0,11.7742,124,269,1
90613,0,10.8959,55,259,1
90861,0,11.2643,108,342,1
90644,0,10.7143,75,275,1
90579,0,11.2115,70,260,1
90637,0,11.3929,59,254,1
90762,0,11.7321,54,265,1
90903,0,12.0714,51,291,1
90967,0,12.4107,56,311,1
90971,0,12.75,56,334,1
91013,0,13.0893,58,321,1
91102,0,13.4286,59,326,1
91249,0,13.7679,65,377,1
91159,0,8.66581,58,357,1
91180,0,8.66786,63,365,1
91062,0,8.66021,61,304,1
91135,0,8.85893,59,302,1
91145,0,9.05765,49,292,1
91200,0,9.03061,38,278,1
91219,0,8.99388,39,278,1
91399,0,10.1247,42,292,1
91170,0,9.37193,35,237,1
91185,0,9.56097,35,236,1
91171,0,9.75,44,240,1
87583,2,0,1,2,0
87225,2,0,1,2,0
87532,2,0,1,2,0
87288,2,0,1,2,0
87463,2,0,1,2,0
87328,2,0,1,2,0
87386,2,0,1,2,0
87322,2,0,1,2,0
90401,2,0.512755,88,86,0
90439,2,0.561224,88,86,0
90426,2,0.609694,88,86,0
90473,2,0.658163,87,86,0
90512,2,0.706633,87,86,0
92889,3,12.3082,929,1004,0
93963,3,13.3393,2078,2160,0
96547,0,13.6327,3249,3461,1
99999,0,13.6878,5260,5170,1
105622,0,14.0449,11068,8461,0.996
104125,0,14.064,9596,6897,1
91022,0,9.20408,44,197,1
91510,0,9.63062,44,182,1
91730,0,9.94286,48,193,1
91769,0,10.3645,58,201,1
91917,0,10.4143,48,203,1
91799,0,10.8214,53,192,1
91835,0,10.9612,60,196,1
91979,0,11.3587,80,222,1
92203,0,10.8959,42,237,1
92423,0,10.9679,47,249,1
92298,0,10.8673,71,265,1
92183,0,10.8957,73,266,1
92107,0,11.0673,60,238,1
92340,0,11.3969,54,256,1
92534,0,11.7265,53,274,1
92562,0,12.0561,46,280,1
92660,0,12.3857,46,293,1
92751,0,12.7153,46,320,1
92768,0,13.0449,46,311,1
92795,0,13.3745,46,315,1
92954,0,13.7041,49,351,1
92853,0,8.46148,45,343,1
92873,0,8.66021,44,343,1
92676,0,8.64286,49,288,1
92870,0,8.83673,49,293,1
92816,0,9.03061,51,286,1
92896,0,8.99388,40,275,1
92897,0,8.94745,37,268,1
92887,0,9.13163,53,280,1
92913,0,9.31582,50,274,1
92773,0,9.5,33,228,1
91931,2,0,1,2,0
89194,2,0,1,2,0
88928,2,0,1,2,0
89251,2,0,1,2,0
88906,2,0,1,2,0
89261,2,0,1,2,0
88983,2,0,1,2,0
89239,2,0,1,2,0
92107,2,0.512755,88,86,0
92063,2,0.561224,88,86,0
92138,2,0.609694,88,86,0
92120,2,0.658163,87,86,0
92166,2,0.706633,87,86,0
94895,3,12.1571,1181,1259,0
94614,3,13.0982,796,892,0
96414,0,13.8031,2069,2329,0.972
99085,0,13.7778,4051,4138,1
99320,0,13.95,4459,4199,1
97421,0,13.7648,4815,3640,1
96231,0,13.8061,2137,2304,1
92818,0,9.41174,87,236,1
93506,0,9.6,44,209,1
93352,0,10.0071,46,184,1
93387,0,10.1663,42,181,1
93453,0,10.6926,45,185,1
93533,0,11.0949,70,209,1
93674,0,11.2201,77,226,1
93914,0,10.7525,46,245,1
94002,0,11.1161,58,265,1
94083,0,11.1735,66,279,1
94063,0,10.8957,74,271,1
94235,0,10.9046,116,322,1
93985,0,11.2293,66,255,1
94122,0,11.5541,58,268,1
94135,0,11.8788,57,277,1
94228,0,12.0214,51,282,1
94305,0,12.3413,52,290,1
94433,0,12.6612,50,319,1
94420,0,12.9811,49,310,1
94447,0,13.301,47,300,1
94626,0,13.6209,61,344,1
94628,0,8.44898,46,338,1
94814,0,8.64286,46,338,1
94421,0,8.61581,48,282,1
94532,0,8.80484,48,287,1
94533,0,8.99388,50,283,1
94544,0,8.94745,46,278,1
94714,0,9.13163,53,309,1
94670,0,9.07066,58,306,1
94799,0,9.75,57,299,1
90333,2,0,1,2,0
90651,2,0,1,2,0
90428,2,0,1,2,0
90637,2,0,1,2,0
90522,2,0,1,2,0
90530,2,0,1,2,0
90523,2,0,1,2,0
90423,2,0,1,2,0
93718,2,0.512755,88,86,0
93789,2,0.561224,88,86,0
93768,2,0.609694,88,86,0
93783,2,0.658163,87,86,0
93792,2,0.706633,87,86,0
93857,2,0.755102,85,86,0
96299,3,12.9375,945,1024,0.004
98644,0,13.0362,2821,2984,0.956
100324,0,13.5077,3390,3585,1
100731,0,13.5704,4790,4147,1
101344,0,13.7648,4697,3940,1
103625,0,13.9107,6386,5185,1
94363,0,9.19286,42,201,1
94995,0,9.71429,62,197,1
94985,0,9.76888,43,183,1
95000,0,10.1663,55,190,1
95135,0,10.3061,42,200,1
94979,0,10.8276,54,186,1
95094,0,11.0816,69,200,1
95434,0,10.3224,38,229,1
95401,0,10.5232,39,224,1
95444,0,10.7143,41,229,1
95503,0,10.8957,58,251,1
95662,0,10.7418,75,271,1
95895,0,10.8941,72,248,1
95498,0,11.0367,52,230,1
95700,0,11.3469,46,242,1
95740,0,11.6571,48,253,1
95840,0,11.9673,43,270,1
95929,0,12.2776,44,284,1
95981,0,12.5878,42,299,1
95926,0,12.898,41,292,1
95981,0,13.2082,41,293,1
96179,0,13.5184,42,320,1
96155,0,8.21072,42,326,1
96122,0,8.3949,42,326,1
96158,0,8.57908,42,271,1
96011,0,8.76326,42,276,1
96034,0,8.71199,45,276,1
96093,0,8.65102,42,273,1
96193,0,8.82551,54,292,1
96200,0,9.25,47,278,1
95822,2,0,1,2,0
92735,2,0,1,2,0
92764,2,0,1,2,0
92748,2,0,1,2,0
92555,2,0,1,2,0
92787,2,0,1,2,0
92497,2,0,1,2,0
92842,2,0,1,2,0
95281,2,0.512755,88,86,0
95287,2,0.561224,88,86,0
95244,2,0.609694,88,86,0
95303,2,0.658163,87,86,0
95356,2,0.706633,87,86,0
95317,2,0.755102,85,86,0
98101,3,12.8571,1139,1190,0
100125,0,13.0362,3110,3151,0.836
105076,0,14.048,7101,5435,1
105516,0,14.0449,5900,5561,1
107262,0,13.9643,7671,6498,1
106990,0,13.9107,8333,5942,1
105990,0,14.0082,7314,6016,1
95944,0,9.6,42,178,1
97863,0,9.88801,42,199,1
97252,0,10.2903,45,187,1
97171,0,10.5638,42,177,1
97257,0,10.6939,49,196,1
97247,0,11.0816,54,183,1
97702,0,10.3224,38,236,1
97924,0,10.6714,46,246,1
97690,0,11.0204,53,252,1
97794,0,11.0536,68,278,1
98053,0,10.9046,89,311,1
97766,0,11.2293,88,278,1
97761,0,11.0367,72,265,1
97817,0,11.3469,54,240,1
97895,0,11.6571,49,249,1
97870,0,11.9673,49,255,1
97963,0,12.2776,44,270,1
98026,0,12.5878,44,283,1
98124,0,12.898,43,300,1
98190,0,13.2082,43,289,1
98260,0,13.5184,43,289,1
98509,0,13.8286,46,324,1
98405,0,8.61581,42,316,1
98350,0,8.80484,41,316,1
98099,0,8.76326,45,272,1
98159,0,9.18291,44,264,1
98215,0,9.13163,50,273,1
98182,0,9.07066,43,255,1
98166,0,9,42,248,1
97576,2,0,1,2,0
94091,2,0,1,2,0
94427,2,0,1,2,0
94204,2,0,1,2,0
94374,2,0,1,2,0
94234,2,0,1,2,0
94317,2,0,1,2,0
94326,2,0,1,2,0
97445,2,0.512755,88,86,0
97503,2,0.561224,88,86,0
97383,2,0.609694,88,86,0
97487,2,0.658163,87,86,0
97409,2,0.706633,87,86,0
97439,2,0.755102,85,86,0
100304,3,12.6161,1126,1210,0
101265,0,13.7179,2193,2325,0.744
101981,0,14.048,2221,2184,1
103696,0,13.7602,3469,3425,1
103572,0,13.9643,3843,3368,1
103996,0,14.0153,3299,3337,1
105507,0,14.1176,4925,4301,1
98073,0,9.37143,41,196,1
98726,0,9.76888,49,179,1
98897,0,9.91837,46,192,1
98917,0,10.6926,66,195,1
98995,0,10.4265,40,193,1
98878,0,10.9431,52,184,1
99169,0,10.0357,37,225,1
99256,0,10.5232,40,234,1
99330,0,10.8673,48,257,1
100096,0,11.2115,53,251,1
99893,0,11.2301,64,268,1
100184,0,11.3969,105,342,1
99978,0,10.8643,85,299,1
99763,0,10.9923,66,245,1
99869,0,11.475,59,246,1
99810,0,11.7804,50,233,1
99879,0,11.8939,52,258,1
100065,0,12.1944,49,275,1
100048,0,12.4949,49,285,1
100182,0,12.7954,45,300,1
100118,0,13.0959,44,278,1
100100,0,13.3964,43,278,1
100543,0,13.6969,45,316,1
100466,0,11.0625,56,344,1
100359,0,8.76326,40,309,1
100321,0,8.71199,44,289,1
100319,0,8.65102,42,272,1
100222,0,8.82551,50,271,1
100269,0,9,43,251,1
98636,2,0,1,2,0
95097,2,0,1,2,0
95334,2,0,1,2,0
95270,2,0,1,2,0
95289,2,0,1,2,0
95353,2,0,1,2,0
95193,2,0,1,2,0
95475,2,0,1,2,0
99400,2,0.512755,88,86,0
99424,2,0.561224,88,86,0
99422,2,0.609694,88,86,0
99528,2,0.658163,87,86,0
99472,2,0.706633,87,86,0
99500,2,0.755102,85,86,0
99486,2,0.803571,85,86,0
102478,3,13.5475,1230,1268,0.096
104533,0,13.0574,2897,2877,1
107365,0,14.0449,5143,4824,1
106301,0,13.5653,4003,3643,1
108737,0,13.8061,5966,5233,1
106346,0,13.6799,3652,3281,1
104648,0,13.7143,3063,2877,1
100052,0,9.53061,40,178,1
100613,0,9.67041,40,168,1
100709,0,10.0485,41,174,1
100931,0,10.4265,75,214,1
100900,0,10.5275,50,199,1
100978,0,9.74898,34,217,1
101139,0,10.0786,36,220,1
101132,0,10.4082,35,215,1
101444,0,10.7378,40,228,1
101071,0,10.7418,39,216,1
101071,0,10.5589,47,209,1
101521,0,10.8643,43,226,1
101259,0,10.9923,53,219,1
101124,0,10.9286,41,189,1
101200,0,11.2194,41,200,1
101215,0,11.5102,44,215,1
101294,0,11.801,41,225,1
101503,0,12.0918,42,251,1
101623,0,12.3827,41,271,1
101691,0,12.6735,40,287,1
101701,0,12.9643,39,274,1
101716,0,13.2551,43,274,1
102045,0,13.5459,40,310,1
101812,0,11.0694,47,315,1
101832,0,8.47653,39,299,1
101995,0,8.41071,61,319,1
101676,0,8.82551,58,268,1
102084,0,8.75,51,269,1
100450,2,0,1,2,0
97451,2,0,1,2,0
97248,2,0,1,2,0
97444,2,0,1,2,0
97352,2,0,1,2,0
97366,2,0,1,2,0
97408,2,0,1,2,0
97256,2,0,1,2,0
100942,2,0.512755,88,86,0
100999,2,0.561224,88,86,0
100904,2,0.609694,88,86,0
100923,2,0.658163,87,86,0
100949,2,0.706633,87,86,0
100883,2,0.755102,85,86,0
100976,2,0.803571,85,86,0
104114,3,13.377,1304,1345,0
106783,0,13.5977,3026,3063,0.984
109536,0,13.2857,5764,5382,1
110380,0,13.9643,5926,4911,1
110558,0,13.8061,6422,5549,1
111150,0,13.7893,6760,5419,1
115948,0,14.1714,10471,7024,1
101398,0,9.53061,41,204,1
102254,0,9.91837,77,207,1
102223,0,10.0485,39,187,1
102251,0,10.4265,68,196,1
102388,0,10.5275,40,190,1
102562,0,9.74898,41,227,1
102537,0,10.0786,36,226,1
102606,0,10.4082,43,237,1
102562,0,10.7378,39,226,1
102729,0,11.0673,46,236,1
102710,0,11.2293,57,253,1
103005,0,10.8643,68,241,1
102842,0,11.1696,64,256,1
102506,0,10.9286,42,197,1
102531,0,11.2194,38,189,1
102647,0,11.5102,37,198,1
102751,0,11.801,39,215,1
102849,0,12.0918,39,232,1
103175,0,12.3827,39,241,1
103032,0,12.6735,40,266,1
103113,0,12.9643,39,285,1
103115,0,13.2551,38,265,1
103097,0,13.5459,41,269,1
103388,0,13.8367,38,296,1
103307,0,11.5375,44,309,1
103317,0,8.65102,35,300,1
103143,0,8.58036,34,265,1
103119,0,8.75,34,245,1
101196,2,0,1,2,0
98005,2,0,1,2,0
97896,2,0,1,2,0
97975,2,0,1,2,0
98061,2,0,1,2,0
97938,2,0,1,2,0
98149,2,0,1,2,0
97915,2,0,1,2,0
102347,2,0.512755,88,86,0
102267,2,0.561224,88,86,0
102356,2,0.609694,88,86,0
102330,2,0.658163,87,86,0
102422,2,0.706633,87,86,0
102405,2,0.755102,85,86,0
102343,2,0.803571,85,86,0
105276,3,13.0362,1208,1325,0
105990,0,13.8678,1742,1826,0.92
107852,0,13.8551,2587,2636,1
107468,0,14.064,2596,2826,1
107835,0,13.9107,2693,2887,1
110274,0,14.0082,4752,4317,1
106701,0,13.9429,2523,2458,1
106097,0,13.8194,1474,1678,1
103084,0,9.67041,39,173,1
103566,0,9.79082,39,162,1
103601,0,10.1592,39,161,1
103684,0,10.5275,60,179,1
104092,0,9.46224,33,230,1
103812,0,9.78215,33,209,1
103936,0,10.102,34,211,1
104028,0,10.5798,38,224,1
104081,0,10.9046,43,234,1
104180,0,11.2293,50,241,1
104623,0,11.2092,152,410,1
104386,0,10.9923,63,244,1
104379,0,11.1107,62,233,1
104337,0,11.2194,50,212,1
104149,0,11.3184,38,195,1
104233,0,11.6043,38,208,1
104271,0,11.8903,38,217,1
104346,0,11.9699,37,228,1
104439,0,12.251,38,237,1
104466,0,12.5321,38,239,1
104495,0,12.8133,37,252,1
104666,0,13.0944,41,270,1
104647,0,13.3755,45,269,1
104963,0,13.6566,43,298,1
105326,0,13.9377,128,583,1
104384,0,8.58036,34,278,1
104740,0,8.5,33,259,1
101243,2,0,1,2,0
100874,2,0,1,2,0
101320,2,0,1,2,0
100960,2,0,1,2,0
101194,2,0,1,2,0
100943,2,0,1,2,0
101090,2,0,1,2,0
100994,2,0,1,2,0
103816,2,0.512755,88,86,0
103911,2,0.561224,88,86,0
103867,2,0.609694,88,86,0
103814,2,0.658163,87,86,0
103802,2,0.706633,87,86,0
103907,2,0.755102,85,86,0
103960,2,0.803571,85,86,0
103930,2,0.852041,85,86,0
107598,0,13.8678,1892,1912,0.88
108921,0,13.2857,2719,2640,1
110273,0,14.064,3951,3883,1
110681,0,13.8061,3393,3492,1
110981,0,13.5704,4406,3901,1
108681,0,13.4857,2589,2346,1
111705,0,13.9385,4754,3942,1
104476,0,9.42245,38,188,1
105224,0,9.79082,58,184,1
105257,0,9.89184,38,179,1
105133,0,10.2505,40,159,1
105557,0,9.31888,34,238,1
105586,0,9.48572,32,223,1
105429,0,9.79592,32,205,1
105437,0,10.1061,34,208,1
105523,0,10.4163,33,205,1
105531,0,10.7265,37,213,1
105548,0,11.0367,40,216,1
105499,0,10.9923,39,215,1
106124,0,11.1107,92,334,1
105444,0,10.6584,41,195,1
105579,0,10.9347,41,191,1
105442,0,11.0143,35,182,1
105588,0,11.2857,35,197,1
105588,0,11.5571,37,203,1
105735,0,11.8286,35,222,1
105793,0,12.1,35,233,1
105864,0,12.3714,33,230,1
105958,0,12.6429,34,247,1
106069,0,12.9143,33,244,1
106156,0,13.1857,36,259,1
106431,0,13.4571,47,313,1
106700,0,13.7286,71,477,1
105781,0,8.5,34,270,1
101073,2,0,1,2,0
101128,2,0,1,2,0
100917,2,0,1,2,0
101220,2,0,1,2,0
100916,2,0,1,2,0
101295,2,0,1,2,0
100869,2,0,1,2,0
101277,2,0,1,2,0
105231,2,0.512755,88,86,0
105261,2,0.561224,88,86,0
105384,2,0.609694,88,86,0
105291,2,0.658163,87,86,0
105447,2,0.706633,87,86,0
105451,2,0.755102,85,86,0
105419,2,0.803571,85,86,0
105443,2,0.852041,85,86,0
109059,0,14.0479,2029,2057,0.64
110582,0,13.6653,2679,2677,1
111849,0,13.4656,3375,3411,1
112405,0,13.8061,4250,4019,1
113189,0,14.0082,4577,3892,1
115825,0,14.1714,7267,5283,1
114313,0,13.9385,5882,4395,1
112058,0,13.8857,3976,3545,1
105988,0,9.79082,38,168,1
106614,0,10.1592,67,193,1
106536,0,10.389,39,158,1
106965,0,9.60561,34,233,1
106839,0,9.48572,37,228,1
106864,0,9.79592,33,210,1
107068,0,10.1061,34,214,1
107108,0,10.4163,38,222,1
107086,0,10.7265,37,215,1
107141,0,11.0367,40,222,1
107140,0,11.1696,47,225,1
107161,0,10.7464,68,235,1
107453,0,11.4064,74,286,1
106872,0,10.7429,37,184,1
106914,0,11.0143,34,179,1
107022,0,11.2857,35,186,1
107111,0,11.5571,35,198,1
107168,0,11.8286,36,206,1
107144,0,12.1,34,219,1
107403,0,12.3714,35,231,1
107443,0,12.6429,35,248,1
107450,0,12.9143,33,240,1
107464,0,13.1857,33,237,1
107738,0,13.4571,47,281,1
108088,0,13.7286,50,311,1
108232,0,14,56,362,1
102397,2,0,1,2,0
102314,2,0,1,2,0
102488,2,0,1,2,0
102242,2,0,1,2,0
102558,2,0,1,2,0
102171,2,0,1,2,0
102562,2,0,1,2,0
102165,2,0,1,2,0
106788,2,0.512755,88,86,0
106821,2,0.561224,88,86,0
107089,2,0.609694,88,86,0
106877,2,0.658163,87,86,0
106737,2,0.706633,87,86,0
106839,2,0.755102,85,86,0
106843,2,0.803571,85,86,0
106787,2,0.852041,85,86,0
106813,2,0.90051,85,86,0
110825,0,14.5194,2015,2107,1
110949,0,13.8645,1877,1998,1
114064,0,13.8061,4666,3894,1
113270,0,14.2271,3468,3184,1
111980,0,13.8286,2693,2875,1
109403,0,13.7003,1334,1503,1
112113,0,14.0097,2855,2860,1
107297,0,10.1773,40,218,1
108021,0,10.0255,59,183,1
108054,0,9.97347,37,175,1
108392,0,9.17551,32,229,1
108325,0,9.48572,35,231,1
108347,0,9.64286,35,233,1
108470,0,9.94821,43,226,1
108330,0,10.2536,38,220,1
108404,0,10.5589,44,227,1
108369,0,10.8643,36,209,1
108465,0,11.1696,38,221,1
108540,0,11.2929,51,228,1
108813,0,11.0324,91,259,1
108521,0,11.1265,52,234,1
108358,0,10.8176,41,197,1
108426,0,11.0842,45,201,1
108548,0,11.3508,44,203,1
108583,0,11.6173,36,203,1
108591,0,11.8839,37,210,1
108690,0,11.9296,40,236,1
108706,0,12.1913,37,235,1
108863,0,12.4531,37,256,1
108871,0,12.7148,33,245,1
108924,0,12.9765,44,263,1
109108,0,13.2383,46,275,1
109285,0,13.5,48,302,1
103389,2,0,1,2,0
103667,2,0,1,2,0
103388,2,0,1,2,0
103560,2,0,1,2,0
103376,2,0,1,2,0
103407,2,0,1,2,0
103525,2,0,1,2,0
103412,2,0,1,2,0
108016,2,0.512755,88,86,0
107996,2,0.561224,88,86,0
108059,2,0.609694,88,86,0
108102,2,0.658163,87,86,0
108117,2,0.706633,87,86,0
108073,2,0.755102,85,86,0
108101,2,0.803571,85,86,0
108120,2,0.852041,85,86,0
108127,2,0.90051,85,86,0
111982,3,14.6143,1915,1971,0.056
112277,0,13.9643,1932,2055,1
114161,0,14.4337,3933,3434,1
114294,0,14.1176,4056,3324,1
112733,0,14.0572,2408,2583,1
115734,0,14.2959,4134,3948,1
113389,0,14.0097,3148,2915,1
111762,0,13.9133,1513,1690,1
108708,0,9.89184,38,167,1
109286,0,10.2505,55,171,1
109767,0,9.17551,32,244,1
109557,0,9.48572,33,226,1
109655,0,9.4898,33,227,1
109639,0,9.79031,35,216,1
109578,0,10.2536,38,204,1
109654,0,10.3913,38,201,1
109661,0,10.6918,38,209,1
109748,0,10.9923,40,213,1
109789,0,11.2929,39,197,1
110448,0,11.9673,137,372,1
109985,0,11.1265,87,244,1
109915,0,11.6043,70,248,1
109753,0,11.2857,43,197,1
109666,0,11.1444,30,169,1
109752,0,11.6173,33,186,1
109881,0,11.6679,31,191,1
109955,0,11.9296,33,197,1
110111,0,12.1913,35,220,1
110055,0,12.4531,34,228,1
110215,0,12.7148,35,248,1
110193,0,12.9765,40,255,1
110342,0,13.2383,48,275,1
110535,0,13.5,45,282,1
104701,2,0,1,2,0
104959,2,0,1,2,0
104600,2,0,1,2,0
104904,2,0,1,2,0
104493,2,0,1,2,0
104895,2,0,1,2,0
104499,2,0,1,2,0
104886,2,0,1,2,0
109375,2,0.512755,88,86,0
109345,2,0.561224,88,86,0
109414,2,0.609694,88,86,0
109418,2,0.658163,87,86,0
109322,2,0.706633,87,86,0
109361,2,0.755102,85,86,0
109349,2,0.803571,85,86,0
109395,2,0.852041,85,86,0
109519,2,0.90051,85,86,0
113257,3,14.3296,1845,1932,0.036
113740,0,13.8645,2077,2116,1
116078,0,13.8061,4197,3496,1
117048,0,13.5704,5064,4486,1
117595,0,14.1714,5750,4659,1
116313,0,13.8194,3672,3590,1
114221,0,13.5138,2327,2202,1
116939,0,14.0421,4409,3807,1
110012,0,10.2929,40,213,1
110638,0,9.97347,53,168,1
111151,0,8.88877,31,234,1
111010,0,9.18929,31,221,1
110981,0,9.4898,32,219,1
111037,0,9.6324,36,221,1
111030,0,9.7653,36,216,1
110917,0,10.0561,37,199,1
111064,0,10.3469,37,204,1
111001,0,10.6378,37,200,1
111106,0,10.9286,40,205,1
111137,0,11.2194,42,201,1
111310,0,11.1265,53,209,1
111838,0,11.211,87,289,1
111069,0,10.6811,37,180,1
111043,0,10.938,33,175,1
111100,0,11.1949,31,171,1
111056,0,11.2357,30,169,1
111423,0,11.4878,30,182,1
111288,0,11.7398,31,188,1
111351,0,11.9918,29,204,1
111426,0,12.2439,29,214,1
111611,0,12.4959,33,243,1
111658,0,12.748,33,240,1
111736,0,13,33,236,1
